instance,nom,statut,decisions,retours,unitaires,purs,cpu,ratio_heur
3sat_n20_0.cnf,H0,SAT,8,5,40,0,0.0006509999999999988,0.19354838709676558
3sat_n20_0.cnf,H1,SAT,14,11,105,0,0.0013219999999999968,0.15204236006050934
3sat_n20_0.cnf,H2s,SAT,4,1,30,0,0.0003969999999999946,0.1838790931989866
3sat_n20_0.cnf,H2d,SAT,4,1,30,0,0.00031899999999999984,0.347962382445163
3sat_n20_0.cnf,H3d,SAT,5,1,24,0,0.00046600000000000114,0.3819742489270326
3sat_n20_0.cnf,H4d,SAT,7,3,38,0,0.0003449999999999981,0.2927536231883784
3sat_n20_0.cnf,H7s,SAT,6,2,39,0,0.00025799999999999434,0.1627906976744774
3sat_n20_0.cnf,H7d,SAT,8,4,52,0,0.000903000000000001,0.4152823920265857
3sat_n20_0.cnf,H8,SAT,5,3,35,0,0.00036599999999999827,0.3743169398907073
3sat_n20_1.cnf,H0,UNSAT,24,24,152,1,0.0011709999999999984,0.14859094790777772
3sat_n20_1.cnf,H1,UNSAT,26,26,154,0,0.0021769999999999984,0.16352779053744113
3sat_n20_1.cnf,H2s,UNSAT,9,9,51,0,0.0008699999999999958,0.1701149425287391
3sat_n20_1.cnf,H2d,UNSAT,7,7,58,0,0.0005580000000000029,0.27777777777778057
3sat_n20_1.cnf,H3d,UNSAT,10,10,58,1,0.0005500000000000019,0.2709090909090707
3sat_n20_1.cnf,H4d,UNSAT,11,11,79,0,0.000673999999999994,0.2655786350148371
3sat_n20_1.cnf,H7s,UNSAT,8,8,52,0,0.0007980000000000001,0.15538847117792634
3sat_n20_1.cnf,H7d,UNSAT,8,8,60,0,0.0005449999999999969,0.3266055045871662
3sat_n20_1.cnf,H8,UNSAT,9,9,82,0,0.0006530000000000008,0.3338437978561062
3sat_n20_2.cnf,H0,UNSAT,28,28,159,1,0.002369999999999997,0.17468354430377328
3sat_n20_2.cnf,H1,UNSAT,37,37,205,3,0.0025620000000000018,0.15222482435597778
3sat_n20_2.cnf,H2s,UNSAT,5,5,40,0,0.0005769999999999942,0.15251299826687142
3sat_n20_2.cnf,H2d,UNSAT,7,7,68,0,0.0005299999999999958,0.2811320754717066
3sat_n20_2.cnf,H3d,UNSAT,10,10,73,0,0.0005760000000000071,0.28298611111112565
3sat_n20_2.cnf,H4d,UNSAT,8,8,68,0,0.0004880000000000023,0.23565573770491086
3sat_n20_2.cnf,H7s,UNSAT,7,7,43,0,0.0006430000000000047,0.17884914463453055
3sat_n20_2.cnf,H7d,UNSAT,11,11,71,1,0.0005970000000000003,0.3366834170853685
3sat_n20_2.cnf,H8,UNSAT,6,6,58,0,0.00044500000000000095,0.330337078651672
3sat_n20_3.cnf,H0,SAT,8,5,50,0,0.00039500000000000646,0.1721518987341709
3sat_n20_3.cnf,H1,SAT,8,4,29,0,0.0002879999999999966,0.20138888888894813
3sat_n20_3.cnf,H2s,SAT,6,1,18,2,0.0004099999999999937,0.1975609756098213
3sat_n20_3.cnf,H2d,SAT,4,1,15,8,0.0002400000000000041,0.31666666666668886
3sat_n20_3.cnf,H3d,SAT,5,0,10,2,0.0001830000000000026,0.38797814207654396
3sat_n20_3.cnf,H4d,SAT,5,0,7,6,0.00039200000000000346,0.39540816326530864
3sat_n20_3.cnf,H7s,SAT,5,1,10,9,0.00017400000000000054,0.19540229885057012
3sat_n20_3.cnf,H7d,SAT,5,0,4,9,0.00020299999999999485,0.42857142857145786
3sat_n20_3.cnf,H8,SAT,3,0,16,0,0.00044600000000000195,0.4618834080717576
3sat_n20_4.cnf,H0,SAT,22,19,151,1,0.001562999999999995,0.17210492642354844
3sat_n20_4.cnf,H1,SAT,33,30,206,2,0.0013160000000000116,0.13525835866257932
3sat_n20_4.cnf,H2s,SAT,6,0,10,4,0.00017900000000000554,0.21787709497208435
3sat_n20_4.cnf,H2d,SAT,6,0,11,2,0.0004299999999999998,0.4348837209302481
3sat_n20_4.cnf,H3d,SAT,7,0,9,4,0.00021400000000000585,0.42056074766350654
3sat_n20_4.cnf,H4d,SAT,7,3,27,1,0.0006889999999999952,0.35123367198836
3sat_n20_4.cnf,H7s,SAT,6,0,11,3,0.0003650000000000042,0.23561643835613116
3sat_n20_4.cnf,H7d,SAT,8,2,25,4,0.0006839999999999971,0.4546783625730894
3sat_n20_4.cnf,H8,SAT,11,7,63,3,0.0008380000000000054,0.3556085918854388
3sat_n20_5.cnf,H0,SAT,7,2,25,2,0.0005159999999999887,0.21899224806207795
3sat_n20_5.cnf,H1,SAT,7,4,34,2,0.0006250000000000006,0.16639999999998864
3sat_n20_5.cnf,H2s,SAT,4,2,30,2,0.00039900000000001046,0.16541353383453888
3sat_n20_5.cnf,H2d,SAT,4,2,33,2,0.0005259999999999987,0.2832699619772065
3sat_n20_5.cnf,H3d,SAT,9,6,53,1,0.0004250000000000087,0.3011764705882691
3sat_n20_5.cnf,H4d,SAT,7,4,38,2,0.000682000000000002,0.3049853372433803
3sat_n20_5.cnf,H7s,SAT,10,7,63,1,0.0004200000000000037,0.15714285714281467
3sat_n20_5.cnf,H7d,SAT,6,3,31,0,0.0006639999999999979,0.4292168674698712
3sat_n20_5.cnf,H8,SAT,6,5,44,1,0.0008429999999999965,0.3689205219454413
3sat_n20_6.cnf,H0,SAT,10,7,57,0,0.000795000000000004,0.1886792452830495
3sat_n20_6.cnf,H1,SAT,10,6,51,7,0.0008050000000000002,0.1826086956521841
3sat_n20_6.cnf,H2s,SAT,5,1,8,8,0.00016900000000000248,0.20710059171593406
3sat_n20_6.cnf,H2d,SAT,5,0,6,8,0.0004149999999999987,0.42168674698797354
3sat_n20_6.cnf,H3d,SAT,4,0,5,10,0.0003539999999999932,0.3587570621469055
3sat_n20_6.cnf,H4d,SAT,5,0,6,8,0.00020599999999999785,0.40776699029127
3sat_n20_6.cnf,H7s,SAT,6,1,8,7,0.0003270000000000009,0.24770642201834103
3sat_n20_6.cnf,H7d,SAT,5,0,5,9,0.00021100000000000285,0.46445497630331534
3sat_n20_6.cnf,H8,SAT,3,0,13,3,0.0003559999999999952,0.42696629213487436
3sat_n20_7.cnf,H0,UNSAT,36,36,215,6,0.0029689999999999994,0.16840687100034635
3sat_n20_7.cnf,H1,UNSAT,33,33,215,0,0.0030730000000000063,0.15815164334526047
3sat_n20_7.cnf,H2s,UNSAT,9,9,76,2,0.0010239999999999971,0.13867187499999
3sat_n20_7.cnf,H2d,UNSAT,10,10,70,2,0.0006599999999999939,0.3000000000000084
3sat_n20_7.cnf,H3d,UNSAT,10,10,79,2,0.0012159999999999949,0.27302631578946257
3sat_n20_7.cnf,H4d,UNSAT,6,6,44,2,0.000787999999999997,0.2525380710659968
3sat_n20_7.cnf,H7s,UNSAT,11,11,87,1,0.001128000000000004,0.14893617021280364
3sat_n20_7.cnf,H7d,UNSAT,9,9,73,1,0.0006279999999999897,0.31050955414013365
3sat_n20_7.cnf,H8,UNSAT,8,8,54,3,0.0006349999999999967,0.3338582677165542
3sat_n20_8.cnf,H0,SAT,7,3,42,3,0.0006030000000000063,0.2039800995025053
3sat_n20_8.cnf,H1,SAT,15,11,91,2,0.0012599999999999972,0.171428571428556
3sat_n20_8.cnf,H2s,SAT,4,0,15,1,0.00015500000000000236,0.20645161290316053
3sat_n20_8.cnf,H2d,SAT,7,4,45,1,0.0007530000000000037,0.35458167330677565
3sat_n20_8.cnf,H3d,SAT,4,0,16,0,0.00021800000000000985,0.38532110091748084
3sat_n20_8.cnf,H4d,SAT,4,0,12,3,0.00020499999999999685,0.3512195121952078
3sat_n20_8.cnf,H7s,SAT,5,0,14,1,0.00016099999999999448,0.2298136645962524
3sat_n20_8.cnf,H7d,SAT,5,0,15,0,0.0004910000000000053,0.5295315682280928
3sat_n20_8.cnf,H8,SAT,8,4,39,1,0.0004720000000000002,0.4025423728813761
3sat_n20_9.cnf,H0,SAT,14,12,107,0,0.000688000000000008,0.1438953488372305
3sat_n20_9.cnf,H1,SAT,2,0,18,0,0.0001250000000000001,0.16800000000005685
3sat_n20_9.cnf,H2s,SAT,7,1,10,3,0.00016900000000000248,0.2307692307691297
3sat_n20_9.cnf,H2d,SAT,6,0,9,3,0.00043400000000000383,0.45622119815665463
3sat_n20_9.cnf,H3d,SAT,7,0,9,3,0.00020900000000000085,0.44019138755978227
3sat_n20_9.cnf,H4d,SAT,10,4,35,0,0.0003640000000000032,0.32142857142858505
3sat_n20_9.cnf,H7s,SAT,6,1,11,3,0.00031799999999999884,0.2547169811321566
3sat_n20_9.cnf,H7d,SAT,7,0,10,1,0.0005170000000000036,0.5396518375241771
3sat_n20_9.cnf,H8,SAT,5,2,20,3,0.00024399999999999422,0.43852459016387146
3sat_n30_0.cnf,H0,UNSAT,53,53,554,2,0.004339999999999997,0.11036866359447818
3sat_n30_0.cnf,H1,UNSAT,69,69,662,2,0.005135000000000001,0.11139240506330524
3sat_n30_0.cnf,H2s,UNSAT,17,17,196,0,0.003131999999999996,0.1283524904214471
3sat_n30_0.cnf,H2d,UNSAT,15,15,188,1,0.0016680000000000028,0.21702637889689116
3sat_n30_0.cnf,H3d,UNSAT,27,27,329,0,0.005507999999999999,0.23638344226579733
3sat_n30_0.cnf,H4d,UNSAT,16,16,149,2,0.0027420000000000083,0.21735959153901158
3sat_n30_0.cnf,H7s,UNSAT,28,28,328,1,0.002574,0.10139860139860576
3sat_n30_0.cnf,H7d,UNSAT,17,17,177,1,0.003810999999999995,0.31592757806350724
3sat_n30_0.cnf,H8,UNSAT,14,14,173,3,0.003364999999999993,0.29628528974739143
3sat_n30_1.cnf,H0,SAT,14,7,73,3,0.001797000000000007,0.18697829716196065
3sat_n30_1.cnf,H1,SAT,9,5,70,2,0.0006069999999999964,0.1317957166391589
3sat_n30_1.cnf,H2s,SAT,10,2,28,5,0.0007320000000000104,0.22677595628411115
3sat_n30_1.cnf,H2d,SAT,6,0,19,3,0.0003500000000000031,0.39999999999996033
3sat_n30_1.cnf,H3d,SAT,11,4,36,11,0.0005389999999999978,0.33395176252314024
3sat_n30_1.cnf,H4d,SAT,8,2,23,3,0.0004279999999999978,0.343457943925206
3sat_n30_1.cnf,H7s,SAT,8,0,15,5,0.0006049999999999944,0.23636363636369143
3sat_n30_1.cnf,H7d,SAT,10,2,24,10,0.0011619999999999964,0.44148020654046044
3sat_n30_1.cnf,H8,SAT,9,4,51,7,0.0006449999999999997,0.37519379844961126
3sat_n30_2.cnf,H0,UNSAT,65,65,535,11,0.008906999999999998,0.14864713146962663
3sat_n30_2.cnf,H1,UNSAT,60,60,524,16,0.0034339999999999926,0.11502620850321348
3sat_n30_2.cnf,H2s,UNSAT,25,25,266,5,0.004033999999999996,0.13039167079821154
3sat_n30_2.cnf,H2d,UNSAT,21,21,233,5,0.002919000000000005,0.27646454265158854
3sat_n30_2.cnf,H3d,UNSAT,43,43,386,22,0.005087999999999995,0.2325078616352183
3sat_n30_2.cnf,H4d,UNSAT,16,16,207,5,0.0015559999999999949,0.16645244215937166
3sat_n30_2.cnf,H7s,UNSAT,42,42,361,23,0.004043000000000005,0.13455354934456382
3sat_n30_2.cnf,H7d,UNSAT,30,30,289,8,0.004012000000000002,0.3035892323030829
3sat_n30_2.cnf,H8,UNSAT,30,30,346,11,0.003924999999999998,0.28433121019108093
3sat_n30_3.cnf,H0,SAT,6,2,34,1,0.0008159999999999973,0.20343137254900265
3sat_n30_3.cnf,H1,SAT,77,74,584,3,0.005372999999999996,0.12153359389540706
3sat_n30_3.cnf,H2s,SAT,28,25,282,1,0.0022310000000000108,0.12281488121918205
3sat_n30_3.cnf,H2d,SAT,20,18,224,2,0.004011999999999988,0.2671984047856482
3sat_n30_3.cnf,H3d,SAT,15,10,104,2,0.0019389999999999963,0.2851985559566639
3sat_n30_3.cnf,H4d,SAT,8,4,69,1,0.0015320000000000056,0.2317232375979247
3sat_n30_3.cnf,H7s,SAT,17,15,130,2,0.0023320000000000007,0.16037735849057166
3sat_n30_3.cnf,H7d,SAT,12,8,113,2,0.0011610000000000092,0.3014642549526273
3sat_n30_3.cnf,H8,SAT,13,10,118,1,0.0027649999999999897,0.3544303797468399
3sat_n30_4.cnf,H0,UNSAT,77,77,624,5,0.005148,0.1252913752913685
3sat_n30_4.cnf,H1,UNSAT,58,58,456,4,0.003814999999999999,0.12450851900393273
3sat_n30_4.cnf,H2s,UNSAT,26,26,300,6,0.004170999999999994,0.1318628626228745
3sat_n30_4.cnf,H2d,UNSAT,18,18,163,1,0.003360000000000002,0.27976190476190355
3sat_n30_4.cnf,H3d,UNSAT,18,18,168,3,0.001582,0.2288242730720702
3sat_n30_4.cnf,H4d,UNSAT,11,11,125,4,0.002151,0.18456531845651641
3sat_n30_4.cnf,H7s,UNSAT,27,27,260,8,0.002152000000000001,0.12035315985129566
3sat_n30_4.cnf,H7d,UNSAT,12,12,127,1,0.0026520000000000016,0.33069381598792924
3sat_n30_4.cnf,H8,UNSAT,13,13,113,3,0.0013890000000000013,0.3203743700503863
3sat_n30_5.cnf,H0,SAT,76,72,570,7,0.009736000000000009,0.15858668857847047
3sat_n30_5.cnf,H1,SAT,9,6,78,0,0.0014340000000000047,0.15341701534168994
3sat_n30_5.cnf,H2s,SAT,10,4,56,7,0.0011020000000000058,0.17785843920147773
3sat_n30_5.cnf,H2d,SAT,17,13,117,13,0.0011660000000000073,0.2907375643224792
3sat_n30_5.cnf,H3d,SAT,22,18,145,10,0.0015150000000000025,0.26534653465343716
3sat_n30_5.cnf,H4d,SAT,6,2,46,5,0.0004919999999999924,0.24796747967482288
3sat_n30_5.cnf,H7s,SAT,15,11,95,9,0.001699000000000006,0.1730429664508707
3sat_n30_5.cnf,H7d,SAT,16,8,72,13,0.0011559999999999904,0.3555363321799532
3sat_n30_5.cnf,H8,SAT,8,2,39,3,0.0006290000000000046,0.40858505564384356
3sat_n30_6.cnf,H0,SAT,24,21,227,4,0.002909999999999996,0.14604810996563894
3sat_n30_6.cnf,H1,SAT,26,23,232,10,0.0025469999999999937,0.119748723989045
3sat_n30_6.cnf,H2s,SAT,9,6,68,8,0.0013139999999999957,0.1567732115676993
3sat_n30_6.cnf,H2d,SAT,10,0,13,7,0.0009520000000000084,0.46113445378148865
3sat_n30_6.cnf,H3d,SAT,11,1,12,10,0.0004800000000000082,0.4062499999999657
3sat_n30_6.cnf,H4d,SAT,8,3,49,4,0.0005450000000000038,0.23853211009175082
3sat_n30_6.cnf,H7s,SAT,19,12,126,8,0.0010870000000000046,0.14167433302669236
3sat_n30_6.cnf,H7d,SAT,9,1,13,11,0.0004720000000000002,0.4745762711864447
3sat_n30_6.cnf,H8,SAT,12,8,98,4,0.0010639999999999955,0.31860902255639795
3sat_n30_7.cnf,H0,SAT,7,1,26,5,0.0004109999999999947,0.18004866180046641
3sat_n30_7.cnf,H1,SAT,20,13,96,1,0.0018439999999999984,0.19034707158350142
3sat_n30_7.cnf,H2s,SAT,10,9,93,4,0.0008309999999999984,0.11913357400720599
3sat_n30_7.cnf,H2d,SAT,11,7,74,4,0.0014870000000000022,0.32683254875590273
3sat_n30_7.cnf,H3d,SAT,12,8,73,4,0.0008900000000000019,0.27303370786517595
3sat_n30_7.cnf,H4d,SAT,4,0,18,4,0.0006390000000000007,0.31455399061033884
3sat_n30_7.cnf,H7s,SAT,10,8,65,8,0.000682000000000002,0.12609970674487167
3sat_n30_7.cnf,H7d,SAT,10,6,66,4,0.0008219999999999894,0.34306569343063303
3sat_n30_7.cnf,H8,SAT,4,2,35,4,0.0009510000000000074,0.33438485804414564
3sat_n30_8.cnf,H0,SAT,7,1,28,2,0.00038200000000000733,0.19895287958116534
3sat_n30_8.cnf,H1,SAT,8,4,62,2,0.0005549999999999999,0.1459459459458919
3sat_n30_8.cnf,H2s,SAT,9,2,27,6,0.0006970000000000032,0.21807747489241397
3sat_n30_8.cnf,H2d,SAT,10,5,70,5,0.001365000000000005,0.3230769230769298
3sat_n30_8.cnf,H3d,SAT,5,0,16,8,0.0003520000000000051,0.35227272727271963
3sat_n30_8.cnf,H4d,SAT,6,1,31,4,0.0004069999999999907,0.28992628992634784
3sat_n30_8.cnf,H7s,SAT,9,1,21,5,0.00034000000000000696,0.21764705882353855
3sat_n30_8.cnf,H7d,SAT,6,0,15,8,0.0007319999999999965,0.40573770491804234
3sat_n30_8.cnf,H8,SAT,9,6,70,5,0.0010219999999999951,0.3189823874755328
3sat_n30_9.cnf,H0,SAT,44,37,352,9,0.004709000000000005,0.15650881291144633
3sat_n30_9.cnf,H1,SAT,57,51,452,11,0.004712999999999995,0.12964141735626658
3sat_n30_9.cnf,H2s,SAT,8,2,22,7,0.0007540000000000047,0.22015915119361348
3sat_n30_9.cnf,H2d,SAT,8,0,10,10,0.0007800000000000029,0.4576923076923011
3sat_n30_9.cnf,H3d,SAT,9,0,9,10,0.0008719999999999978,0.41628440366969655
3sat_n30_9.cnf,H4d,SAT,9,4,37,11,0.000896999999999995,0.24414715719064892
3sat_n30_9.cnf,H7s,SAT,10,0,12,6,0.0003399999999999931,0.24411764705890937
3sat_n30_9.cnf,H7d,SAT,8,0,10,10,0.0010290000000000021,0.49465500485906766
3sat_n30_9.cnf,H8,SAT,9,5,70,10,0.0016250000000000014,0.31938461538461
3sat_n40_0.cnf,H0,SAT,157,151,1723,16,0.024029999999999996,0.12580108198085663
3sat_n40_0.cnf,H1,SAT,69,63,755,26,0.010900999999999994,0.11549399137693633
3sat_n40_0.cnf,H2s,SAT,5,2,56,2,0.0006139999999999896,0.13029315960914004
3sat_n40_0.cnf,H2d,SAT,11,5,78,6,0.0009279999999999983,0.32866379310346355
3sat_n40_0.cnf,H3d,SAT,11,3,58,9,0.0008109999999999923,0.3094944512946852
3sat_n40_0.cnf,H4d,SAT,6,0,24,8,0.0005129999999999996,0.30604288499023513
3sat_n40_0.cnf,H7s,SAT,10,4,79,3,0.001340999999999995,0.1409395973154432
3sat_n40_0.cnf,H7d,SAT,6,0,29,2,0.0005599999999999911,0.44821428571429506
3sat_n40_0.cnf,H8,SAT,8,6,99,10,0.002012,0.2539761431411588
3sat_n40_1.cnf,H0,UNSAT,336,336,3332,33,0.04366500000000001,0.11482881025993208
3sat_n40_1.cnf,H1,UNSAT,185,185,2114,29,0.027461,0.10935508539383045
3sat_n40_1.cnf,H2s,UNSAT,48,48,558,7,0.004933000000000007,0.09811473748225621
3sat_n40_1.cnf,H2d,UNSAT,37,37,377,7,0.007006999999999999,0.2546025403168311
3sat_n40_1.cnf,H3d,UNSAT,44,44,521,5,0.011274999999999993,0.220221729490021
3sat_n40_1.cnf,H4d,UNSAT,22,22,288,4,0.006100000000000008,0.16524590163934094
3sat_n40_1.cnf,H7s,UNSAT,60,60,699,17,0.009409,0.10224253374428785
3sat_n40_1.cnf,H7d,UNSAT,38,38,463,3,0.005039000000000002,0.2554078190117134
3sat_n40_1.cnf,H8,UNSAT,34,34,406,2,0.005191000000000001,0.25910229242920413
3sat_n40_2.cnf,H0,SAT,84,76,940,10,0.01403,0.11867426942266768
3sat_n40_2.cnf,H1,SAT,9,1,37,1,0.0011420000000000041,0.23467600700524474
3sat_n40_2.cnf,H2s,SAT,9,1,27,9,0.0005399999999999988,0.21666666666667822
3sat_n40_2.cnf,H2d,SAT,8,0,20,10,0.0005750000000000061,0.41043478260871563
3sat_n40_2.cnf,H3d,SAT,7,0,19,12,0.0006299999999999917,0.3730158730158545
3sat_n40_2.cnf,H4d,SAT,8,3,51,9,0.0007530000000000037,0.24833997343958258
3sat_n40_2.cnf,H7s,SAT,8,0,21,10,0.0004620000000000041,0.22727272727271225
3sat_n40_2.cnf,H7d,SAT,8,0,18,12,0.0014170000000000016,0.4869442484121351
3sat_n40_2.cnf,H8,SAT,10,4,76,2,0.0010560000000000014,0.3702651515151402
3sat_n40_3.cnf,H0,SAT,141,139,1327,12,0.023117000000000013,0.1363498723882875
3sat_n40_3.cnf,H1,SAT,78,73,650,15,0.005589000000000011,0.11290033995347355
3sat_n40_3.cnf,H2s,SAT,7,0,26,5,0.0008849999999999969,0.24293785310733754
3sat_n40_3.cnf,H2d,SAT,6,0,27,5,0.0011150000000000049,0.4071748878923838
3sat_n40_3.cnf,H3d,SAT,10,1,23,9,0.0013370000000000049,0.43231114435303436
3sat_n40_3.cnf,H4d,SAT,11,7,115,10,0.0023809999999999942,0.22805543889121765
3sat_n40_3.cnf,H7s,SAT,9,0,22,7,0.0009330000000000033,0.273311897106114
3sat_n40_3.cnf,H7d,SAT,12,1,20,11,0.0017759999999999998,0.546171171171147
3sat_n40_3.cnf,H8,SAT,11,8,112,17,0.002832000000000001,0.31567796610169685
3sat_n40_4.cnf,H0,SAT,34,26,331,13,0.0027450000000000113,0.12167577413480049
3sat_n40_4.cnf,H1,SAT,58,50,547,8,0.008480000000000001,0.13254716981132564
3sat_n40_4.cnf,H2s,SAT,11,3,60,15,0.001463000000000006,0.19480519480518013
3sat_n40_4.cnf,H2d,SAT,10,1,21,10,0.0006889999999999952,0.3918722786647233
3sat_n40_4.cnf,H3d,SAT,11,1,25,9,0.0014259999999999967,0.3877980364656279
3sat_n40_4.cnf,H4d,SAT,14,0,18,6,0.000675999999999996,0.3846153846153815
3sat_n40_4.cnf,H7s,SAT,12,1,25,12,0.0005980000000000013,0.20401337792639293
3sat_n40_4.cnf,H7d,SAT,9,0,24,6,0.0013110000000000066,0.4866514111365343
3sat_n40_4.cnf,H8,SAT,6,1,40,3,0.0006499999999999978,0.38615384615380666
3sat_n40_5.cnf,H0,UNSAT,329,329,3376,15,0.037981,0.11179273847450223
3sat_n40_5.cnf,H1,UNSAT,121,121,1368,3,0.017862000000000003,0.11443287425819965
3sat_n40_5.cnf,H2s,UNSAT,51,51,606,0,0.0068000000000000005,0.09676470588234562
3sat_n40_5.cnf,H2d,UNSAT,33,33,413,0,0.010072000000000011,0.23679507545670986
3sat_n40_5.cnf,H3d,UNSAT,58,58,585,3,0.007036000000000001,0.21247868106878262
3sat_n40_5.cnf,H4d,UNSAT,21,21,271,2,0.002939999999999998,0.16394557823129136
3sat_n40_5.cnf,H7s,UNSAT,62,62,585,1,0.009183999999999998,0.13283972125434926
3sat_n40_5.cnf,H7d,UNSAT,27,27,372,3,0.008400999999999992,0.2765147006308749
3sat_n40_5.cnf,H8,UNSAT,27,27,400,3,0.006162000000000001,0.24196689386562903
3sat_n40_6.cnf,H0,SAT,130,125,1277,20,0.017833,0.11562832950149113
3sat_n40_6.cnf,H1,SAT,99,89,895,27,0.012985999999999984,0.12806098875711022
3sat_n40_6.cnf,H2s,SAT,17,7,102,9,0.002238000000000004,0.17783735478105844
3sat_n40_6.cnf,H2d,SAT,8,4,75,4,0.0018610000000000015,0.2917786136485544
3sat_n40_6.cnf,H3d,SAT,17,11,129,8,0.003057000000000004,0.29571475302585165
3sat_n40_6.cnf,H4d,SAT,11,1,37,7,0.0007110000000000033,0.3080168776371251
3sat_n40_6.cnf,H7s,SAT,14,4,60,7,0.0007520000000000027,0.18617021276595844
3sat_n40_6.cnf,H7d,SAT,23,15,169,10,0.004912000000000014,0.35097719869705396
3sat_n40_6.cnf,H8,SAT,9,1,25,9,0.0007149999999999934,0.41538461538460764
3sat_n40_7.cnf,H0,SAT,11,5,66,2,0.0016299999999999926,0.20184049079754446
3sat_n40_7.cnf,H1,SAT,28,19,274,8,0.0022719999999999962,0.11883802816901708
3sat_n40_7.cnf,H2s,SAT,25,20,282,3,0.002604000000000009,0.10599078341012663
3sat_n40_7.cnf,H2d,SAT,7,1,31,8,0.0011929999999999996,0.3797150041911108
3sat_n40_7.cnf,H3d,SAT,12,0,16,11,0.0013829999999999953,0.42588575560376585
3sat_n40_7.cnf,H4d,SAT,8,1,31,11,0.0012629999999999864,0.26444972288203056
3sat_n40_7.cnf,H7s,SAT,40,32,433,7,0.0037950000000000067,0.10382081686430003
3sat_n40_7.cnf,H7d,SAT,12,0,14,13,0.0017049999999999843,0.5237536656891328
3sat_n40_7.cnf,H8,SAT,8,1,22,12,0.0006609999999999949,0.450832072617239
3sat_n40_8.cnf,H0,UNSAT,228,228,2523,42,0.030853999999999993,0.11580346146366109
3sat_n40_8.cnf,H1,UNSAT,169,169,1912,15,0.032975000000000004,0.11711902956785623
3sat_n40_8.cnf,H2s,UNSAT,34,34,397,9,0.00725099999999998,0.11005378568474015
3sat_n40_8.cnf,H2d,UNSAT,35,35,437,8,0.006001000000000006,0.22229628395267462
3sat_n40_8.cnf,H3d,UNSAT,33,33,385,14,0.005321999999999993,0.20800450958286848
3sat_n40_8.cnf,H4d,UNSAT,22,22,350,2,0.0069029999999999925,0.15239750832971954
3sat_n40_8.cnf,H7s,UNSAT,29,29,403,8,0.007378999999999997,0.11004201111263295
3sat_n40_8.cnf,H7d,UNSAT,18,18,256,4,0.0062389999999999946,0.2681519474274716
3sat_n40_8.cnf,H8,UNSAT,30,30,392,8,0.005449000000000009,0.2549091576436092
3sat_n40_9.cnf,H0,UNSAT,273,273,2832,43,0.03575699999999998,0.11966887602427284
3sat_n40_9.cnf,H1,UNSAT,236,236,2395,8,0.03692999999999999,0.12060655293799269
3sat_n40_9.cnf,H2s,UNSAT,58,58,564,12,0.010527000000000009,0.12016718913269463
3sat_n40_9.cnf,H2d,UNSAT,55,55,583,16,0.008678000000000019,0.249942383037547
3sat_n40_9.cnf,H3d,UNSAT,65,65,802,17,0.008803000000000005,0.2208338066568184
3sat_n40_9.cnf,H4d,UNSAT,19,19,253,6,0.002829999999999999,0.15088339222614242
3sat_n40_9.cnf,H7s,UNSAT,70,70,732,21,0.015100000000000002,0.12516556291390746
3sat_n40_9.cnf,H7d,UNSAT,52,52,560,8,0.009075999999999973,0.30553107095638743
3sat_n40_9.cnf,H8,UNSAT,20,20,287,6,0.0033009999999999984,0.25083308088457074
3sat_n50_0.cnf,H0,SAT,117,112,1423,25,0.01627099999999998,0.1075533157150676
3sat_n50_0.cnf,H1,SAT,120,114,1274,49,0.01765899999999998,0.10470581573135622
3sat_n50_0.cnf,H2s,SAT,13,1,41,6,0.0007880000000000109,0.21065989847708333
3sat_n50_0.cnf,H2d,SAT,12,0,11,26,0.0020779999999999965,0.4191530317613415
3sat_n50_0.cnf,H3d,SAT,11,0,24,12,0.0009119999999999961,0.410087719298201
3sat_n50_0.cnf,H4d,SAT,11,5,106,5,0.00348699999999999,0.21451104100946394
3sat_n50_0.cnf,H7s,SAT,11,0,23,13,0.0013959999999999806,0.2528653295129118
3sat_n50_0.cnf,H7d,SAT,10,1,35,12,0.0011080000000000256,0.44494584837543505
3sat_n50_0.cnf,H8,SAT,10,6,123,22,0.0014919999999999933,0.27345844504021016
3sat_n50_1.cnf,H0,SAT,26,22,292,15,0.006652000000000019,0.13063740228501963
3sat_n50_1.cnf,H1,SAT,146,141,1547,21,0.026777000000000023,0.1096836837584481
3sat_n50_1.cnf,H2s,SAT,8,0,32,9,0.0014419999999999988,0.2253814147018169
3sat_n50_1.cnf,H2d,SAT,13,4,86,11,0.0023450000000000137,0.36332622601281117
3sat_n50_1.cnf,H3d,SAT,17,7,95,11,0.002832000000000001,0.3456920903954926
3sat_n50_1.cnf,H4d,SAT,8,1,37,10,0.0007839999999999792,0.2704081632653359
3sat_n50_1.cnf,H7s,SAT,13,1,36,4,0.0007969999999999922,0.22208281053953854
3sat_n50_1.cnf,H7d,SAT,12,0,29,8,0.0010779999999999956,0.5037105751391374
3sat_n50_1.cnf,H8,SAT,14,2,52,11,0.0017749999999999988,0.4850704225352276
3sat_n50_2.cnf,H0,SAT,83,74,987,20,0.014496999999999982,0.10678071325101525
3sat_n50_2.cnf,H1,SAT,40,35,498,10,0.00589400000000001,0.11808618934510628
3sat_n50_2.cnf,H2s,SAT,32,23,280,18,0.004653000000000018,0.12164195142918735
3sat_n50_2.cnf,H2d,SAT,14,3,68,12,0.001493000000000022,0.34427327528466634
3sat_n50_2.cnf,H3d,SAT,20,11,172,18,0.0021409999999999763,0.2550210182158115
3sat_n50_2.cnf,H4d,SAT,11,2,46,7,0.0019440000000000013,0.29886831275717196
3sat_n50_2.cnf,H7s,SAT,29,22,332,30,0.004021999999999998,0.14395822973644865
3sat_n50_2.cnf,H7d,SAT,16,8,118,15,0.0019070000000000198,0.3282642894599039
3sat_n50_2.cnf,H8,SAT,18,11,156,19,0.0023940000000000072,0.3178780284043481
3sat_n50_3.cnf,H0,SAT,493,487,6125,69,0.08902399999999999,0.1082966391085573
3sat_n50_3.cnf,H1,SAT,224,214,2786,17,0.04139899999999999,0.10688663977390253
3sat_n50_3.cnf,H2s,SAT,87,80,1179,18,0.022864999999999996,0.10986223485676984
3sat_n50_3.cnf,H2d,SAT,65,60,980,16,0.016250999999999988,0.2134022521691008
3sat_n50_3.cnf,H3d,SAT,91,82,1222,20,0.017462000000000005,0.2074790974687854
3sat_n50_3.cnf,H4d,SAT,49,39,612,12,0.007643999999999984,0.18864468864469613
3sat_n50_3.cnf,H7s,SAT,97,91,1261,15,0.015771000000000007,0.10373470293576804
3sat_n50_3.cnf,H7d,SAT,78,67,951,21,0.017204999999999998,0.27689625108978766
3sat_n50_3.cnf,H8,SAT,50,44,687,17,0.008908,0.2907498877413571
3sat_n50_4.cnf,H0,SAT,223,217,2484,45,0.03981299999999999,0.11312887750232499
3sat_n50_4.cnf,H1,SAT,875,868,10506,100,0.17232399999999998,0.10743715326942452
3sat_n50_4.cnf,H2s,SAT,51,45,605,17,0.010987000000000025,0.10430508783107612
3sat_n50_4.cnf,H2d,SAT,61,55,703,25,0.012820999999999999,0.23531705795179506
3sat_n50_4.cnf,H3d,SAT,105,99,1203,40,0.021582000000000018,0.22097117968677948
3sat_n50_4.cnf,H4d,SAT,19,14,281,13,0.002817999999999987,0.1529453513129643
3sat_n50_4.cnf,H7s,SAT,94,89,1193,27,0.012705999999999995,0.0905871241933065
3sat_n50_4.cnf,H7d,SAT,56,51,705,12,0.014568999999999999,0.2895188413755272
3sat_n50_4.cnf,H8,SAT,59,56,923,12,0.021785,0.2635758549460662
3sat_n50_5.cnf,H0,SAT,288,280,3212,102,0.04570000000000002,0.10879649890591908
3sat_n50_5.cnf,H1,SAT,37,32,486,7,0.007575999999999999,0.11787222808869816
3sat_n50_5.cnf,H2s,SAT,6,1,49,9,0.0006839999999999902,0.14766081871347836
3sat_n50_5.cnf,H2d,SAT,7,1,28,17,0.0007929999999999882,0.32786885245899916
3sat_n50_5.cnf,H3d,SAT,10,0,28,11,0.0007769999999999999,0.3564993564993559
3sat_n50_5.cnf,H4d,SAT,7,2,55,5,0.0008740000000000137,0.2185354691075761
3sat_n50_5.cnf,H7s,SAT,12,3,51,10,0.0007709999999999939,0.17509727626447993
3sat_n50_5.cnf,H7d,SAT,11,0,23,14,0.0009979999999999989,0.4759519038076468
3sat_n50_5.cnf,H8,SAT,5,1,40,8,0.0017520000000000036,0.40753424657535314
3sat_n50_6.cnf,H0,UNSAT,542,542,6155,70,0.10077300000000003,0.10654639635617227
3sat_n50_6.cnf,H1,UNSAT,529,529,7371,53,0.121865,0.09869938046199173
3sat_n50_6.cnf,H2s,UNSAT,132,132,1570,23,0.01929800000000001,0.09788579127370717
3sat_n50_6.cnf,H2d,UNSAT,53,53,803,16,0.020703,0.2118533545862919
3sat_n50_6.cnf,H3d,UNSAT,106,106,1491,13,0.037274,0.20507592423673296
3sat_n50_6.cnf,H4d,UNSAT,26,26,442,9,0.009797,0.14024701439215664
3sat_n50_6.cnf,H7s,UNSAT,129,129,1790,25,0.02566300000000002,0.09102599072595015
3sat_n50_6.cnf,H7d,UNSAT,39,39,603,10,0.007940999999999976,0.22516055912354174
3sat_n50_6.cnf,H8,UNSAT,39,39,569,16,0.008488999999999997,0.2440805748615813
3sat_n50_7.cnf,H0,UNSAT,402,402,4732,42,0.081597,0.11115604740370214
3sat_n50_7.cnf,H1,UNSAT,1103,1103,12604,100,0.200454,0.10584473245732237
3sat_n50_7.cnf,H2s,UNSAT,64,64,981,14,0.017490000000000006,0.10051457975987281
3sat_n50_7.cnf,H2d,UNSAT,56,56,868,9,0.015255000000000019,0.20137659783678494
3sat_n50_7.cnf,H3d,UNSAT,68,68,871,17,0.01170400000000002,0.18284347231716597
3sat_n50_7.cnf,H4d,UNSAT,30,30,501,3,0.010068999999999995,0.1353659747740704
3sat_n50_7.cnf,H7s,UNSAT,70,70,973,7,0.016232999999999997,0.0941908458079189
3sat_n50_7.cnf,H7d,UNSAT,55,55,802,10,0.015742000000000006,0.23281666878414964
3sat_n50_7.cnf,H8,UNSAT,35,35,530,5,0.011846999999999996,0.251034017050747
3sat_n50_8.cnf,H0,SAT,174,163,2038,19,0.030313000000000034,0.10774255270017588
3sat_n50_8.cnf,H1,SAT,64,55,849,13,0.008438999999999974,0.09539044910535112
3sat_n50_8.cnf,H2s,SAT,10,0,30,6,0.0007840000000000069,0.2040816326531219
3sat_n50_8.cnf,H2d,SAT,9,1,51,18,0.0010909999999999531,0.33822181484878466
3sat_n50_8.cnf,H3d,SAT,14,0,24,11,0.0021300000000000208,0.44507042253523504
3sat_n50_8.cnf,H4d,SAT,13,0,19,15,0.0008639999999999759,0.3414351851853756
3sat_n50_8.cnf,H7s,SAT,16,1,34,10,0.001796999999999993,0.2760155815247626
3sat_n50_8.cnf,H7d,SAT,15,4,79,4,0.003054000000000001,0.4783889980353782
3sat_n50_8.cnf,H8,SAT,37,30,452,13,0.006504999999999983,0.2720983858570499
3sat_n50_9.cnf,H0,SAT,10,3,85,1,0.0022599999999999842,0.18628318584073592
3sat_n50_9.cnf,H1,SAT,14,3,81,6,0.0032290000000000374,0.17002167853826908
3sat_n50_9.cnf,H2s,SAT,12,1,42,10,0.0015279999999999738,0.20222513089009458
3sat_n50_9.cnf,H2d,SAT,26,17,261,24,0.005759999999999987,0.2802083333333347
3sat_n50_9.cnf,H3d,SAT,17,2,49,3,0.0024939999999999962,0.4506816359262292
3sat_n50_9.cnf,H4d,SAT,12,1,34,9,0.0008790000000000187,0.29465301478960093
3sat_n50_9.cnf,H7s,SAT,11,0,31,7,0.0007260000000000044,0.20247933884290886
3sat_n50_9.cnf,H7d,SAT,10,0,32,6,0.0021399999999999753,0.5009345794392144
3sat_n50_9.cnf,H8,SAT,46,39,432,28,0.01227499999999998,0.3081873727087249
meow-alea_n10_0.cnf,H0,UNSAT,77,77,1330,0,0.065965,0.06770256954446335
meow-alea_n10_0.cnf,H1,UNSAT,17,17,561,0,0.04699700000000001,0.0508117539417398
meow-alea_n10_0.cnf,H2s,UNSAT,5648,5648,44402,0,1.078915,0.12921685211531453
meow-alea_n10_0.cnf,H2d,UNSAT,694,694,8520,0,0.31664899999999996,0.16449128214521117
meow-alea_n10_0.cnf,H3d,UNSAT,694,694,8520,0,0.31288299999999997,0.16904721573240353
meow-alea_n10_0.cnf,H4d,UNSAT,656,656,8191,0,0.332682,0.20093362430188402
meow-alea_n10_0.cnf,H7s,UNSAT,5648,5648,44402,0,1.0800299999999998,0.12012351508753756
meow-alea_n10_0.cnf,H7d,UNSAT,694,694,8520,0,0.33302299999999996,0.22605345576731803
meow-alea_n10_0.cnf,H8,UNSAT,1,1,38,0,0.0036559999999999926,0.11679431072210382
meow-alea_n10_1.cnf,H0,UNSAT,0,0,19,0,0.0012940000000000174,0.0
meow-alea_n10_1.cnf,H1,UNSAT,0,0,19,0,0.001212999999999964,0.0
meow-alea_n10_1.cnf,H2s,UNSAT,0,0,19,0,0.0022279999999999522,0.0
meow-alea_n10_1.cnf,H2d,UNSAT,0,0,19,0,0.002722000000000002,0.0
meow-alea_n10_1.cnf,H3d,UNSAT,0,0,19,0,0.002670999999999979,0.0
meow-alea_n10_1.cnf,H4d,UNSAT,0,0,19,0,0.001574999999999993,0.0
meow-alea_n10_1.cnf,H7s,UNSAT,0,0,19,0,0.0027490000000000014,0.0
meow-alea_n10_1.cnf,H7d,UNSAT,0,0,19,0,0.00269999999999998,0.0
meow-alea_n10_1.cnf,H8,UNSAT,0,0,19,0,0.0026249999999999885,0.0
meow-alea_n10_2.cnf,H0,SAT,2257,2241,31076,0,0.627995,0.09321730268553002
meow-alea_n10_2.cnf,H1,SAT,724,717,8964,0,0.10392299999999999,0.1010074766894777
meow-alea_n10_2.cnf,H2s,SAT,7530,7491,84819,0,1.053563,0.12428682480306931
meow-alea_n10_2.cnf,H2d,SAT,717,670,6471,0,0.11882199999999993,0.2619127770951519
meow-alea_n10_2.cnf,H3d,SAT,717,670,6471,0,0.10488499999999995,0.24972112313486416
meow-alea_n10_2.cnf,H4d,SAT,441,394,4319,0,0.09791700000000003,0.303900242041751
meow-alea_n10_2.cnf,H7s,SAT,7530,7491,84819,0,1.052524,0.11410951199212598
meow-alea_n10_2.cnf,H7d,SAT,717,670,6471,0,0.126888,0.3287623731164376
meow-alea_n10_2.cnf,H8,SAT,7,1,111,0,0.005319000000000074,0.21394999059972863
meow-alea_n10_3.cnf,H0,SAT,106,94,1218,0,0.03127000000000002,0.10732331307962979
meow-alea_n10_3.cnf,H1,SAT,11,4,108,0,0.004889000000000032,0.07629372059720438
meow-alea_n10_3.cnf,H2s,SAT,52,1,53,0,0.015225000000000044,0.34574712643677635
meow-alea_n10_3.cnf,H2d,SAT,81,0,19,0,0.01840800000000009,0.5267275097783869
meow-alea_n10_3.cnf,H3d,SAT,81,0,19,0,0.019054000000000015,0.5065603022987408
meow-alea_n10_3.cnf,H4d,SAT,80,0,20,0,0.029404999999999903,0.5740180241455621
meow-alea_n10_3.cnf,H7s,SAT,52,1,53,0,0.008360999999999952,0.31766535103447313
meow-alea_n10_3.cnf,H7d,SAT,81,0,19,0,0.020623000000000058,0.6031130291422264
meow-alea_n10_3.cnf,H8,SAT,8,1,102,0,0.005443000000000087,0.2511482638251142
meow-alea_n10_4.cnf,H0,UNSAT,892,892,13368,0,0.32980200000000004,0.08302254079720084
meow-alea_n10_4.cnf,H1,UNSAT,4911,4911,70568,0,1.1891129999999999,0.08925476384497667
meow-alea_n10_4.cnf,H2s,UNSAT,9934,9934,143224,0,1.9519219999999997,0.10452159461289515
meow-alea_n10_4.cnf,H2d,UNSAT,2146,2146,27868,0,0.551118,0.1845430561150164
meow-alea_n10_4.cnf,H3d,UNSAT,2146,2146,27868,0,0.553001,0.17553313646811428
meow-alea_n10_4.cnf,H4d,UNSAT,1627,1627,23519,0,0.5463729999999999,0.19189637848138022
meow-alea_n10_4.cnf,H7s,UNSAT,9934,9934,143224,0,1.999885,0.10124482157724644
meow-alea_n10_4.cnf,H7d,UNSAT,2146,2146,27868,0,0.578805,0.2303608296403714
meow-alea_n10_4.cnf,H8,UNSAT,10,10,307,0,0.01933600000000002,0.11631154323541286
meow-alea_n10_5.cnf,H0,UNSAT,0,0,13,0,0.0025340000000000362,0.0
meow-alea_n10_5.cnf,H1,UNSAT,0,0,13,0,0.0011849999999999916,0.0
meow-alea_n10_5.cnf,H2s,UNSAT,0,0,13,0,0.0011769999999999836,0.0
meow-alea_n10_5.cnf,H2d,UNSAT,0,0,13,0,0.0011229999999999851,0.0
meow-alea_n10_5.cnf,H3d,UNSAT,0,0,13,0,0.0010749999999999371,0.0
meow-alea_n10_5.cnf,H4d,UNSAT,0,0,13,0,0.0010460000000001024,0.0
meow-alea_n10_5.cnf,H7s,UNSAT,0,0,13,0,0.0011660000000000004,0.0
meow-alea_n10_5.cnf,H7d,UNSAT,0,0,13,0,0.0010980000000000434,0.0
meow-alea_n10_5.cnf,H8,UNSAT,0,0,13,0,0.0010499999999999954,0.0
meow-alea_n10_6.cnf,H0,SAT,13,2,132,0,0.00611700000000015,0.1356874284780265
meow-alea_n10_6.cnf,H1,SAT,13,6,163,0,0.013244000000000034,0.08260344306850344
meow-alea_n10_6.cnf,H2s,SAT,53,0,47,0,0.01318100000000011,0.31530232911015116
meow-alea_n10_6.cnf,H2d,SAT,81,0,19,0,0.019765000000000033,0.5245636225650799
meow-alea_n10_6.cnf,H3d,SAT,81,0,19,0,0.019820999999999867,0.5074416023409611
meow-alea_n10_6.cnf,H4d,SAT,80,0,20,0,0.014725000000000099,0.5588455008489257
meow-alea_n10_6.cnf,H7s,SAT,53,0,47,0,0.013293,0.3395772210938519
meow-alea_n10_6.cnf,H7d,SAT,81,0,19,0,0.023554000000000075,0.6051201494437664
meow-alea_n10_6.cnf,H8,SAT,9,0,91,0,0.009321000000000135,0.21746593713120607
meow-alea_n10_7.cnf,H0,UNSAT,1,1,63,0,0.0040039999999998965,0.01573426573430267
meow-alea_n10_7.cnf,H1,UNSAT,120,120,1549,0,0.031801999999999886,0.07235394000374909
meow-alea_n10_7.cnf,H2s,UNSAT,200,200,2339,0,0.03693599999999986,0.09153671215077376
meow-alea_n10_7.cnf,H2d,UNSAT,69,69,1025,0,0.031366000000000005,0.18293693808585437
meow-alea_n10_7.cnf,H3d,UNSAT,69,69,1025,0,0.026473999999999887,0.1269547480547021
meow-alea_n10_7.cnf,H4d,UNSAT,60,60,940,0,0.023192999999999797,0.1636700728667534
meow-alea_n10_7.cnf,H7s,UNSAT,200,200,2339,0,0.04054599999999997,0.0846939278843877
meow-alea_n10_7.cnf,H7d,UNSAT,69,69,1025,0,0.03157299999999985,0.2204731891172565
meow-alea_n10_7.cnf,H8,UNSAT,2,2,92,0,0.00437299999999996,0.06608735421906846
meow-alea_n10_8.cnf,H0,UNSAT,1619,1619,24237,0,0.4820359999999999,0.08658689392494072
meow-alea_n10_8.cnf,H1,UNSAT,5794,5794,91804,0,2.148194,0.08910554633334059
meow-alea_n10_8.cnf,H2s,UNSAT,24008,24008,205525,0,2.5057110000000002,0.14586079559854048
meow-alea_n10_8.cnf,H2d,UNSAT,3807,3807,44228,0,0.787812,0.21180560844465177
meow-alea_n10_8.cnf,H3d,UNSAT,3807,3807,44228,0,0.7768869999999999,0.19033913554995918
meow-alea_n10_8.cnf,H4d,UNSAT,2684,2684,34456,0,0.678148,0.21069736989565604
meow-alea_n10_8.cnf,H7s,UNSAT,24008,24008,205525,0,2.324425,0.1283048495864538
meow-alea_n10_8.cnf,H7d,UNSAT,3807,3807,44228,0,0.8286150000000001,0.25194692348072806
meow-alea_n10_8.cnf,H8,UNSAT,6,6,310,0,0.012772999999999923,0.12197604321615577
meow-alea_n10_9.cnf,H0,SAT,68,57,684,0,0.018325000000000147,0.14128240109138934
meow-alea_n10_9.cnf,H1,SAT,17,9,244,0,0.018258000000000107,0.07859568408372948
meow-alea_n10_9.cnf,H2s,SAT,150,94,981,0,0.022125999999999868,0.290834312573353
meow-alea_n10_9.cnf,H2d,SAT,80,0,20,0,0.020421000000000245,0.5226482542480793
meow-alea_n10_9.cnf,H3d,SAT,80,0,20,0,0.023998000000000186,0.5067922326859979
meow-alea_n10_9.cnf,H4d,SAT,80,0,20,0,0.022826000000000235,0.574169806361086
meow-alea_n10_9.cnf,H7s,SAT,150,94,981,0,0.024417000000000133,0.2236556497521453
meow-alea_n10_9.cnf,H7d,SAT,80,0,20,0,0.02930199999999994,0.6026551088663388
meow-alea_n10_9.cnf,H8,SAT,10,5,172,0,0.007283999999999846,0.1876716090061218
meow-alea_n12_0.cnf,H0,UNSAT,794,794,11549,0,0.4245479999999997,0.07893571516061945
meow-alea_n12_0.cnf,H1,UNSAT,10,10,175,0,0.03222199999999997,0.06886599217924867
meow-alea_n12_0.cnf,H2s,UNSAT,5797,5797,62050,0,1.2624680000000001,0.1229995532559993
meow-alea_n12_0.cnf,H2d,UNSAT,1966,1966,24180,0,0.68533,0.18994644915587666
meow-alea_n12_0.cnf,H3d,UNSAT,1966,1966,24180,0,0.6561159999999999,0.17090423034954258
meow-alea_n12_0.cnf,H4d,UNSAT,1429,1429,18312,0,0.6027620000000002,0.2050792850245943
meow-alea_n12_0.cnf,H7s,UNSAT,5797,5797,62050,0,1.2521879999999999,0.11217484914406829
meow-alea_n12_0.cnf,H7d,UNSAT,1966,1966,24180,0,0.7438790000000002,0.22809220316744813
meow-alea_n12_0.cnf,H8,UNSAT,1,1,69,0,0.012090999999999852,0.041932015548740334
meow-alea_n12_1.cnf,H0,SAT,18,3,160,0,0.01766000000000023,0.08618346545866384
meow-alea_n12_1.cnf,H1,SAT,26,22,647,0,0.026886000000000188,0.06125864762333753
meow-alea_n12_1.cnf,H2s,SAT,289,217,2255,0,0.07079199999999997,0.24196236862923245
meow-alea_n12_1.cnf,H2d,SAT,124,4,48,0,0.048945999999999934,0.5151595636007259
meow-alea_n12_1.cnf,H3d,SAT,124,4,48,0,0.049720999999999904,0.49490155065262575
meow-alea_n12_1.cnf,H4d,SAT,126,8,71,0,0.05223299999999975,0.564738766680084
meow-alea_n12_1.cnf,H7s,SAT,289,217,2255,0,0.08090299999999973,0.22866889979358576
meow-alea_n12_1.cnf,H7d,SAT,124,4,48,0,0.05995000000000017,0.5768974145120821
meow-alea_n12_1.cnf,H8,SAT,8,0,136,0,0.021713000000000093,0.1613779763275837
meow-alea_n12_2.cnf,H0,SAT,13317,13294,166580,0,5.187194999999999,0.10191384746476985
meow-alea_n12_2.cnf,H1,SAT,3726,3717,47422,0,1.3205190000000004,0.09150644557177907
meow-alea_n12_2.cnf,H2s,TIMEOUT,16973,16929,178359,0,6.271579000000001,0.13275891127257877
meow-alea_n12_2.cnf,H2d,SAT,887,803,9447,0,0.18020000000000014,0.29995005549390447
meow-alea_n12_2.cnf,H3d,SAT,887,803,9447,0,0.17191299999999998,0.2826662323384427
meow-alea_n12_2.cnf,H4d,SAT,598,514,6596,0,0.13903500000000024,0.3422231812133189
meow-alea_n12_2.cnf,H7s,TIMEOUT,16823,16778,176451,0,6.383170999999999,0.11986832249989707
meow-alea_n12_2.cnf,H7d,SAT,887,803,9447,0,0.19297699999999995,0.3298579623478597
meow-alea_n12_2.cnf,H8,SAT,25,17,409,0,0.019651000000000085,0.16340135362065009
meow-alea_n12_3.cnf,H0,SAT,1666,1647,22452,0,0.42730900000000016,0.09510681965509787
meow-alea_n12_3.cnf,H1,SAT,10,0,134,0,0.014650000000000052,0.06941979522181556
meow-alea_n12_3.cnf,H2s,SAT,15863,15798,174832,0,3.543126,0.15418475097977108
meow-alea_n12_3.cnf,H2d,SAT,1843,1740,16559,0,0.2448410000000001,0.3253866795185639
meow-alea_n12_3.cnf,H3d,SAT,1843,1740,16559,0,0.23931099999999983,0.29795120157459787
meow-alea_n12_3.cnf,H4d,SAT,1026,925,9488,0,0.1971459999999996,0.35516317855796653
meow-alea_n12_3.cnf,H7s,SAT,15863,15798,174832,0,4.018837,0.13767017672030257
meow-alea_n12_3.cnf,H7d,SAT,1843,1740,16559,0,0.2757719999999999,0.3732539924285705
meow-alea_n12_3.cnf,H8,SAT,13,6,248,0,0.0338750000000001,0.1757933579336096
meow-alea_n12_4.cnf,H0,TIMEOUT,8753,8725,134283,0,6.0304839999999995,0.08994352692087296
meow-alea_n12_4.cnf,H1,TIMEOUT,1843,1839,41335,0,6.0454740000000005,0.06659610148021233
meow-alea_n12_4.cnf,H2s,TIMEOUT,19459,19395,193772,0,6.007163,0.14626272002272758
meow-alea_n12_4.cnf,H2d,TIMEOUT,16200,16151,181261,0,6.110454,0.23688452609250898
meow-alea_n12_4.cnf,H3d,TIMEOUT,16005,15953,178745,0,5.994124,0.2177899556298602
meow-alea_n12_4.cnf,H4d,TIMEOUT,19587,19536,239498,0,7.374313,0.24384508767121874
meow-alea_n12_4.cnf,H7s,TIMEOUT,31517,31466,317881,0,8.117512,0.12621884636572148
meow-alea_n12_4.cnf,H7d,TIMEOUT,24740,24688,277043,0,8.328425000000001,0.27021567703374694
meow-alea_n12_4.cnf,H8,UNSAT,166,166,2755,0,0.31184999999999974,0.20755491422159336
meow-alea_n12_5.cnf,H0,UNSAT,425,425,7519,0,0.47935899999999876,0.07655848748012364
meow-alea_n12_5.cnf,H1,UNSAT,736,736,9750,0,0.5991669999999996,0.08759494431440945
meow-alea_n12_5.cnf,H2s,UNSAT,6936,6936,80800,0,2.3935899999999997,0.12457814412658953
meow-alea_n12_5.cnf,H2d,UNSAT,1917,1917,23980,0,0.985361000000001,0.19347224012311426
meow-alea_n12_5.cnf,H3d,UNSAT,1917,1917,23980,0,0.9694640000000003,0.17914538342835695
meow-alea_n12_5.cnf,H4d,UNSAT,1211,1211,17362,0,0.8195739999999994,0.20060421633672817
meow-alea_n12_5.cnf,H7s,UNSAT,6936,6936,80800,0,2.3689540000000004,0.11285022841302521
meow-alea_n12_5.cnf,H7d,UNSAT,1917,1917,23980,0,1.041678000000001,0.23242307123693723
meow-alea_n12_5.cnf,H8,UNSAT,1,1,102,0,0.028162999999999272,0.03934239960226479
meow-alea_n12_6.cnf,H0,SAT,68,56,860,0,0.0911010000000001,0.09436778959618153
meow-alea_n12_6.cnf,H1,SAT,10,4,171,0,0.024822999999999595,0.038512669701503306
meow-alea_n12_6.cnf,H2s,SAT,62,12,225,0,0.05988100000000074,0.21420817955608232
meow-alea_n12_6.cnf,H2d,SAT,152,74,973,0,0.07704799999999956,0.38446163430591007
meow-alea_n12_6.cnf,H3d,SAT,152,74,973,0,0.0747990000000005,0.36519204802196914
meow-alea_n12_6.cnf,H4d,SAT,132,61,812,0,0.08083000000000062,0.43748608190018373
meow-alea_n12_6.cnf,H7s,SAT,62,12,225,0,0.05891599999999997,0.2107576889131666
meow-alea_n12_6.cnf,H7d,SAT,152,74,973,0,0.08773500000000034,0.45877927850901895
meow-alea_n12_6.cnf,H8,SAT,7,0,137,0,0.026227999999999696,0.11171267347869623
meow-alea_n12_7.cnf,H0,SAT,1201,1182,19506,0,1.1106280000000002,0.08041126281705348
meow-alea_n12_7.cnf,H1,SAT,5,0,139,0,0.02584300000000006,0.042526022520534855
meow-alea_n12_7.cnf,H2s,TIMEOUT,50949,50906,491038,0,9.259676,0.16411816136979462
meow-alea_n12_7.cnf,H2d,SAT,426,327,3514,0,0.18006100000000025,0.3739677109424133
meow-alea_n12_7.cnf,H3d,SAT,426,327,3514,0,0.17550600000000038,0.3592013948239727
meow-alea_n12_7.cnf,H4d,SAT,324,226,2581,0,0.17659299999999867,0.42902040284725396
meow-alea_n12_7.cnf,H7s,TIMEOUT,53463,53421,513776,0,9.335358999999999,0.138501047469105
meow-alea_n12_7.cnf,H7d,SAT,426,327,3514,0,0.20466300000000004,0.44439395494059764
meow-alea_n12_7.cnf,H8,SAT,10,1,139,0,0.030722000000000804,0.1783738037888233
meow-alea_n12_8.cnf,H0,TIMEOUT,15896,15886,230235,0,9.307868,0.08641291432153515
meow-alea_n12_8.cnf,H1,UNSAT,287,287,7808,0,1.700520000000001,0.05729012302120343
meow-alea_n12_8.cnf,H2s,TIMEOUT,31192,31117,358002,0,9.397405999999998,0.12685106932700768
meow-alea_n12_8.cnf,H2d,TIMEOUT,23068,23050,271273,0,9.514667999999999,0.20587686296568608
meow-alea_n12_8.cnf,H3d,TIMEOUT,23695,23686,278408,0,9.500391000000002,0.18727587106679863
meow-alea_n12_8.cnf,H4d,TIMEOUT,21024,20984,258964,0,9.517223,0.21995229070495503
meow-alea_n12_8.cnf,H7s,TIMEOUT,33694,33638,389434,0,9.585417000000001,0.11267000694908733
meow-alea_n12_8.cnf,H7d,TIMEOUT,23186,23160,272744,0,9.545817,0.24501045850765826
meow-alea_n12_8.cnf,H8,UNSAT,37,37,1119,0,0.18890200000000235,0.1288869360833085
meow-alea_n12_9.cnf,H0,UNSAT,0,0,10,0,0.0027380000000007954,0.0
meow-alea_n12_9.cnf,H1,UNSAT,0,0,10,0,0.003465999999999525,0.0
meow-alea_n12_9.cnf,H2s,UNSAT,0,0,10,0,0.0034320000000001016,0.0
meow-alea_n12_9.cnf,H2d,UNSAT,0,0,10,0,0.0035239999999987504,0.0
meow-alea_n12_9.cnf,H3d,UNSAT,0,0,10,0,0.002773999999998722,0.0
meow-alea_n12_9.cnf,H4d,UNSAT,0,0,10,0,0.0025809999999992783,0.0
meow-alea_n12_9.cnf,H7s,UNSAT,0,0,10,0,0.003440999999998695,0.0
meow-alea_n12_9.cnf,H7d,UNSAT,0,0,10,0,0.0034500000000008413,0.0
meow-alea_n12_9.cnf,H8,UNSAT,0,0,10,0,0.0034770000000001744,0.0
meow-alea_n14_0.cnf,H0,SAT,1332,1312,17937,0,0.612250999999997,0.09565521330304952
meow-alea_n14_0.cnf,H1,SAT,294,288,7337,0,1.0723839999999996,0.054321026796388554
meow-alea_n14_0.cnf,H2s,TIMEOUT,32101,32023,400143,0,9.467816000000003,0.13494653888502098
meow-alea_n14_0.cnf,H2d,TIMEOUT,35775,35698,379152,0,9.446465,0.2361042993331487
meow-alea_n14_0.cnf,H3d,TIMEOUT,37316,37255,396961,0,9.515947,0.21329994797149607
meow-alea_n14_0.cnf,H4d,TIMEOUT,32862,32805,369512,0,9.502120000000001,0.2452784220784496
meow-alea_n14_0.cnf,H7s,TIMEOUT,33313,33245,417657,0,9.524604,0.115583598016298
meow-alea_n14_0.cnf,H7d,TIMEOUT,34325,34256,363735,0,9.494746000000003,0.2733854070450946
meow-alea_n14_0.cnf,H8,SAT,65,57,1678,0,0.1756619999999991,0.13761655907368847
meow-alea_n14_1.cnf,H0,UNSAT,4005,4005,85262,0,9.129950000000001,0.0641688070580791
meow-alea_n14_1.cnf,H1,UNSAT,7,7,96,0,0.07020699999999991,0.0917857193727392
meow-alea_n14_1.cnf,H2s,TIMEOUT,11677,11612,187713,0,9.449693000000003,0.10041691301503068
meow-alea_n14_1.cnf,H2d,TIMEOUT,12402,12359,177134,0,9.501476,0.17124434140548533
meow-alea_n14_1.cnf,H3d,TIMEOUT,12371,12324,176686,0,9.400546000000002,0.1603853648501091
meow-alea_n14_1.cnf,H4d,TIMEOUT,10922,10874,164936,0,9.496884000000001,0.19017174475328813
meow-alea_n14_1.cnf,H7s,TIMEOUT,11875,11806,191467,0,9.600802000000002,0.09362426180649046
meow-alea_n14_1.cnf,H7d,TIMEOUT,11942,11896,171521,0,9.635501000000001,0.21229793863345273
meow-alea_n14_1.cnf,H8,UNSAT,1,1,51,0,0.031279999999998864,0.07560741687983205
meow-alea_n14_2.cnf,H0,TIMEOUT,22256,22231,277984,0,9.570917999999999,0.09683449382808437
meow-alea_n14_2.cnf,H1,SAT,445,438,6066,0,0.3839110000000012,0.062451974546205075
meow-alea_n14_2.cnf,H2s,TIMEOUT,31460,31365,383060,0,9.548773,0.13239805784475223
meow-alea_n14_2.cnf,H2d,TIMEOUT,32021,31932,357708,0,9.566538999999999,0.23360255992269305
meow-alea_n14_2.cnf,H3d,TIMEOUT,33091,32997,370927,0,9.595544,0.21167908770996552
meow-alea_n14_2.cnf,H4d,TIMEOUT,30222,30125,347362,0,9.585023999999997,0.24312458685537947
meow-alea_n14_2.cnf,H7s,TIMEOUT,31837,31755,388203,0,9.557142999999996,0.11569796538571407
meow-alea_n14_2.cnf,H7d,TIMEOUT,30666,30560,342198,0,9.620517,0.27012862198560966
meow-alea_n14_2.cnf,H8,SAT,258,248,4673,0,0.48385100000000136,0.18577413294573344
meow-alea_n14_3.cnf,H0,SAT,15,2,222,0,0.039093000000001155,0.05006011306346811
meow-alea_n14_3.cnf,H1,SAT,42,34,550,0,0.04477899999999835,0.030148060475460692
meow-alea_n14_3.cnf,H2s,SAT,1693,1643,21594,0,0.42124700000000104,0.14186213789069632
meow-alea_n14_3.cnf,H2d,SAT,93,1,108,0,0.0665339999999972,0.3159888177477132
meow-alea_n14_3.cnf,H3d,SAT,93,1,108,0,0.06436100000000522,0.2788334550432108
meow-alea_n14_3.cnf,H4d,SAT,90,1,111,0,0.07163599999999803,0.3322770673966997
meow-alea_n14_3.cnf,H7s,SAT,1693,1643,21594,0,0.4000640000000004,0.12242791153449878
meow-alea_n14_3.cnf,H7d,SAT,93,1,108,0,0.06911699999999854,0.3825976243179574
meow-alea_n14_3.cnf,H8,SAT,8,0,188,0,0.04138900000000234,0.07195148469362476
meow-alea_n14_4.cnf,H0,TIMEOUT,28912,28878,358075,0,9.570675000000001,0.09825628808838588
meow-alea_n14_4.cnf,H1,TIMEOUT,56547,56541,528100,0,9.605568999999996,0.10750170031569355
meow-alea_n14_4.cnf,H2s,TIMEOUT,50716,50624,508087,0,9.668267,0.16244369337345746
meow-alea_n14_4.cnf,H2d,TIMEOUT,52610,52506,465327,0,9.653031999999996,0.28133626823157654
meow-alea_n14_4.cnf,H3d,TIMEOUT,53935,53829,477500,0,9.622059999999998,0.25597792988200957
meow-alea_n14_4.cnf,H4d,TIMEOUT,38096,37996,397179,0,9.601433999999998,0.26337815788758695
meow-alea_n14_4.cnf,H7s,TIMEOUT,51934,51847,520573,0,9.642406999999999,0.1344767960945927
meow-alea_n14_4.cnf,H7d,TIMEOUT,49786,49663,438689,0,9.628082,0.3142805597209717
meow-alea_n14_4.cnf,H8,UNSAT,245,245,5362,0,1.0474989999999949,0.16027604799624384
meow-alea_n14_5.cnf,H0,TIMEOUT,12756,12734,193235,0,9.68797,0.08285977351292591
meow-alea_n14_5.cnf,H1,UNSAT,14,14,469,0,0.2102780000000024,0.043932318169363965
meow-alea_n14_5.cnf,H2s,TIMEOUT,32868,32765,353111,0,9.709066,0.14435281416349818
meow-alea_n14_5.cnf,H2d,TIMEOUT,18039,17956,225550,0,9.635620000000003,0.19719903856732746
meow-alea_n14_5.cnf,H3d,TIMEOUT,18216,18122,227698,0,9.645043999999999,0.18278039996504133
meow-alea_n14_5.cnf,H4d,TIMEOUT,16304,16210,213165,0,9.61081,0.2139075686648523
meow-alea_n14_5.cnf,H7s,TIMEOUT,32996,32897,354409,0,9.645851,0.1238054579113698
meow-alea_n14_5.cnf,H7d,TIMEOUT,17123,17044,212818,0,9.633541000000001,0.24367270560228552
meow-alea_n14_5.cnf,H8,UNSAT,23,23,892,0,0.3114190000000008,0.1139108403791095
meow-alea_n14_6.cnf,H0,TIMEOUT,20275,20265,293139,0,9.657126999999996,0.08902637399303683
meow-alea_n14_6.cnf,H1,TIMEOUT,15070,15066,218721,0,9.626071000000003,0.08052953276579633
meow-alea_n14_6.cnf,H2s,TIMEOUT,36329,36286,483679,0,9.604616,0.13374652354672661
meow-alea_n14_6.cnf,H2d,TIMEOUT,35582,35543,375441,0,9.519434999999994,0.2283674398744056
meow-alea_n14_6.cnf,H3d,TIMEOUT,36126,36111,381680,0,9.458369999999995,0.2073275839283749
meow-alea_n14_6.cnf,H4d,TIMEOUT,27950,27917,339628,0,9.444064999999995,0.2273066735564244
meow-alea_n14_6.cnf,H7s,TIMEOUT,36433,36394,485198,0,9.459591000000003,0.11393452423058174
meow-alea_n14_6.cnf,H7d,TIMEOUT,33536,33501,353348,0,9.496938000000007,0.2643629978420379
meow-alea_n14_6.cnf,H8,UNSAT,148,148,3289,0,0.3742289999999997,0.1537240566605072
meow-alea_n14_7.cnf,H0,TIMEOUT,13567,13546,180587,0,9.445244999999993,0.09024996175331176
meow-alea_n14_7.cnf,H1,UNSAT,3,3,75,0,0.042591999999999075,0.05045548459811443
meow-alea_n14_7.cnf,H2s,TIMEOUT,44770,44679,423361,0,9.463759000000003,0.16074437229434616
meow-alea_n14_7.cnf,H2d,TIMEOUT,36201,36096,322554,0,9.514031000000003,0.25894313356766246
meow-alea_n14_7.cnf,H3d,TIMEOUT,36970,36856,329561,0,9.528194000000006,0.23582045033928478
meow-alea_n14_7.cnf,H4d,TIMEOUT,32961,32875,307014,0,9.530838999999993,0.2696371221882822
meow-alea_n14_7.cnf,H7s,TIMEOUT,45972,45899,437800,0,9.661761999999996,0.1343561350402455
meow-alea_n14_7.cnf,H7d,TIMEOUT,34593,34495,308807,0,9.716189,0.2987244278596509
meow-alea_n14_7.cnf,H8,UNSAT,7,7,214,0,0.10953600000000563,0.13303388840199012
meow-alea_n14_8.cnf,H0,UNSAT,0,0,9,0,0.003329000000007909,0.0
meow-alea_n14_8.cnf,H1,UNSAT,0,0,9,0,0.00311600000000567,0.0
meow-alea_n14_8.cnf,H2s,UNSAT,0,0,9,0,0.004249999999998977,0.0
meow-alea_n14_8.cnf,H2d,UNSAT,0,0,9,0,0.0034059999999982438,0.0
meow-alea_n14_8.cnf,H3d,UNSAT,0,0,9,0,0.003172000000006392,0.0
meow-alea_n14_8.cnf,H4d,UNSAT,0,0,9,0,0.004445000000004029,0.0
meow-alea_n14_8.cnf,H7s,UNSAT,0,0,9,0,0.003242000000000189,0.0
meow-alea_n14_8.cnf,H7d,UNSAT,0,0,9,0,0.004363999999995372,0.0
meow-alea_n14_8.cnf,H8,UNSAT,0,0,9,0,0.00414299999999912,0.0
meow-alea_n14_9.cnf,H0,TIMEOUT,24821,24806,333103,0,9.768259999999998,0.09518430099106708
meow-alea_n14_9.cnf,H1,TIMEOUT,6092,6088,140405,0,9.783997,0.06455899363015118
meow-alea_n14_9.cnf,H2s,TIMEOUT,30747,30668,388895,0,9.816960000000009,0.12988450599770918
meow-alea_n14_9.cnf,H2d,TIMEOUT,35040,34953,391506,0,9.821655000000007,0.23424830133009467
meow-alea_n14_9.cnf,H3d,TIMEOUT,35580,35482,398060,0,9.787184999999994,0.21417823408879402
meow-alea_n14_9.cnf,H4d,TIMEOUT,29714,29627,358907,0,9.812414000000004,0.2381007364750445
meow-alea_n14_9.cnf,H7s,TIMEOUT,30834,30749,389969,0,9.793547000000004,0.11759477950113774
meow-alea_n14_9.cnf,H7d,TIMEOUT,32998,32896,369258,0,9.831635000000006,0.27456033508168776
meow-alea_n14_9.cnf,H8,UNSAT,481,481,11091,0,1.650312999999997,0.1508204807208979
meow-alea_n5_0.cnf,H0,SAT,1,1,33,0,0.00034200000000339514,0.04970760233784481
meow-alea_n5_0.cnf,H1,SAT,2,1,30,0,0.00030699999999228567,0.05211726385224266
meow-alea_n5_0.cnf,H2s,SAT,2,0,23,0,0.0003700000000037562,0.05945945946236599
meow-alea_n5_0.cnf,H2d,SAT,5,0,20,0,0.0004540000000048394,0.23788546254665469
meow-alea_n5_0.cnf,H3d,SAT,5,0,20,0,0.0004190000000079408,0.21957040571205833
meow-alea_n5_0.cnf,H4d,SAT,5,0,20,0,0.00043700000000512773,0.2608695651735612
meow-alea_n5_0.cnf,H7s,SAT,2,0,23,0,0.0003260000000011587,0.06441717788201846
meow-alea_n5_0.cnf,H7d,SAT,5,0,20,0,0.0004360000000076525,0.2729357798070945
meow-alea_n5_0.cnf,H8,SAT,1,1,33,0,0.0003719999999987067,0.1048387096805001
meow-alea_n5_1.cnf,H0,SAT,11,5,67,0,0.0012109999999978527,0.20644095786979416
meow-alea_n5_1.cnf,H1,SAT,4,2,49,0,0.0006889999999941665,0.10740203194883376
meow-alea_n5_1.cnf,H2s,SAT,14,8,67,0,0.0012229999999959773,0.2142273098648021
meow-alea_n5_1.cnf,H2d,SAT,16,0,9,0,0.0012100000000003774,0.5413223140568179
meow-alea_n5_1.cnf,H3d,SAT,16,0,9,0,0.0011030000000005202,0.5140525838524757
meow-alea_n5_1.cnf,H4d,SAT,14,0,11,0,0.0011690000000044165,0.5526090676041371
meow-alea_n5_1.cnf,H7s,SAT,14,8,67,0,0.0010160000000070113,0.18602362199590772
meow-alea_n5_1.cnf,H7d,SAT,16,0,9,0,0.0010120000000028995,0.5662055335980035
meow-alea_n5_1.cnf,H8,SAT,4,2,34,0,0.0005429999999932988,0.3020257826889107
meow-alea_n5_2.cnf,H0,UNSAT,3,3,36,0,0.00036699999999711963,0.07084468662507844
meow-alea_n5_2.cnf,H1,UNSAT,5,5,50,0,0.0003829999999993561,0.07049608359567122
meow-alea_n5_2.cnf,H2s,UNSAT,3,3,39,0,0.0003410000000059199,0.07038123161765907
meow-alea_n5_2.cnf,H2d,UNSAT,4,4,41,0,0.0004160000000013042,0.2115384615844471
meow-alea_n5_2.cnf,H3d,UNSAT,4,4,41,0,0.00037599999998860767,0.17819148937074877
meow-alea_n5_2.cnf,H4d,UNSAT,1,1,18,0,0.00024500000000671207,0.13061224485463413
meow-alea_n5_2.cnf,H7s,UNSAT,3,3,39,0,0.000446999999994091,0.07158836686954151
meow-alea_n5_2.cnf,H7d,UNSAT,4,4,41,0,0.0005179999999995744,0.2142857142661185
meow-alea_n5_2.cnf,H8,UNSAT,1,1,18,0,0.00032800000001032004,0.13109756098710165
meow-alea_n5_3.cnf,H0,SAT,12,7,69,0,0.0011420000000015307,0.21015761820542248
meow-alea_n5_3.cnf,H1,SAT,3,0,22,0,0.00043099999999185457,0.12993039443568558
meow-alea_n5_3.cnf,H2s,SAT,14,2,22,0,0.0008870000000058553,0.28410372040765064
meow-alea_n5_3.cnf,H2d,SAT,14,1,15,0,0.0011999999999972033,0.5233333333396097
meow-alea_n5_3.cnf,H3d,SAT,14,1,15,0,0.0011129999999894835,0.501347708923409
meow-alea_n5_3.cnf,H4d,SAT,14,1,15,0,0.0012369999999890524,0.5521422797443665
meow-alea_n5_3.cnf,H7s,SAT,14,2,22,0,0.000881000000006793,0.2803632235931296
meow-alea_n5_3.cnf,H7d,SAT,14,1,15,0,0.0010830000000083828,0.5355493997974686
meow-alea_n5_3.cnf,H8,SAT,1,0,24,0,0.0003949999999974807,0.2455696202463335
meow-alea_n5_4.cnf,H0,SAT,15,12,127,0,0.0014640000000127884,0.14344262292714924
meow-alea_n5_4.cnf,H1,SAT,6,4,51,0,0.0008800000000093178,0.10681818180573999
meow-alea_n5_4.cnf,H2s,SAT,15,9,87,0,0.001193999999998141,0.15912897823950742
meow-alea_n5_4.cnf,H2d,SAT,11,0,14,0,0.0008270000000010214,0.4885126965481417
meow-alea_n5_4.cnf,H3d,SAT,11,0,14,0,0.0007080000000030395,0.4731638418155641
meow-alea_n5_4.cnf,H4d,SAT,11,0,14,0,0.0007829999999984238,0.5568326948290712
meow-alea_n5_4.cnf,H7s,SAT,15,9,87,0,0.001110999999994533,0.1683168316555599
meow-alea_n5_4.cnf,H7d,SAT,11,0,14,0,0.0008489999999881093,0.5842167255488946
meow-alea_n5_4.cnf,H8,SAT,3,3,58,0,0.0008999999999872443,0.21333333335038637
meow-alea_n5_5.cnf,H0,UNSAT,3,3,46,0,0.0007499999999964757,0.0986666666832902
meow-alea_n5_5.cnf,H1,UNSAT,4,4,34,0,0.0007140000000021018,0.1218487394863485
meow-alea_n5_5.cnf,H2s,UNSAT,18,18,132,0,0.0017560000000003129,0.11503416856580513
meow-alea_n5_5.cnf,H2d,UNSAT,12,12,94,0,0.0016240000000067312,0.25738916254070227
meow-alea_n5_5.cnf,H3d,UNSAT,12,12,94,0,0.0017320000000040636,0.21939953810151727
meow-alea_n5_5.cnf,H4d,UNSAT,12,12,94,0,0.0022759999999948377,0.30272407732052653
meow-alea_n5_5.cnf,H7s,UNSAT,18,18,132,0,0.002149000000002843,0.14006514657646585
meow-alea_n5_5.cnf,H7d,UNSAT,12,12,94,0,0.0023429999999962092,0.32266325224539993
meow-alea_n5_5.cnf,H8,UNSAT,1,1,25,0,0.0006160000000079435,0.20616883117624638
meow-alea_n5_6.cnf,H0,SAT,15,14,167,0,0.0021739999999965676,0.1361545538338253
meow-alea_n5_6.cnf,H1,SAT,7,4,44,0,0.0007489999999990005,0.14552736981969713
meow-alea_n5_6.cnf,H2s,SAT,17,7,64,0,0.0012260000000026139,0.2463295268970994
meow-alea_n5_6.cnf,H2d,SAT,13,0,12,0,0.0011499999999955435,0.5260869565177633
meow-alea_n5_6.cnf,H3d,SAT,13,0,12,0,0.001064999999996985,0.5042253521086918
meow-alea_n5_6.cnf,H4d,SAT,12,0,13,0,0.0011779999999959045,0.5568760611158735
meow-alea_n5_6.cnf,H7s,SAT,17,7,64,0,0.0011879999999990787,0.2415824916067277
meow-alea_n5_6.cnf,H7d,SAT,13,0,12,0,0.0013390000000015334,0.5683345780511311
meow-alea_n5_6.cnf,H8,SAT,1,0,24,0,0.0004990000000049122,0.24248496992332902
meow-alea_n5_7.cnf,H0,UNSAT,0,0,17,0,0.0002669999999938,0.0
meow-alea_n5_7.cnf,H1,UNSAT,0,0,17,0,0.00025300000000072487,0.0
meow-alea_n5_7.cnf,H2s,UNSAT,0,0,17,0,0.0002499999999940883,0.0
meow-alea_n5_7.cnf,H2d,UNSAT,0,0,17,0,0.0002539999999982001,0.0
meow-alea_n5_7.cnf,H3d,UNSAT,0,0,17,0,0.0002420000000000755,0.0
meow-alea_n5_7.cnf,H4d,UNSAT,0,0,17,0,0.0002409999999883894,0.0
meow-alea_n5_7.cnf,H7s,UNSAT,0,0,17,0,0.00024100000000260025,0.0
meow-alea_n5_7.cnf,H7d,UNSAT,0,0,17,0,0.00023699999999848842,0.0
meow-alea_n5_7.cnf,H8,UNSAT,0,0,17,0,0.0002750000000020236,0.0
meow-alea_n5_8.cnf,H0,SAT,3,0,22,0,0.00043099999999185457,0.10440835267035548
meow-alea_n5_8.cnf,H1,SAT,2,2,38,0,0.0004559999999997899,0.04385964913674888
meow-alea_n5_8.cnf,H2s,SAT,5,1,29,0,0.0004599999999896909,0.11739130436300403
meow-alea_n5_8.cnf,H2d,SAT,7,0,18,0,0.0005419999999958236,0.3081180811918413
meow-alea_n5_8.cnf,H3d,SAT,7,0,18,0,0.0005110000000030368,0.28180039142714725
meow-alea_n5_8.cnf,H4d,SAT,7,0,18,0,0.0005400000000008731,0.3333333333333333
meow-alea_n5_8.cnf,H7s,SAT,5,1,29,0,0.000438000000002603,0.12100456616337837
meow-alea_n5_8.cnf,H7d,SAT,7,0,18,0,0.0005510000000015225,0.34664246816294025
meow-alea_n5_8.cnf,H8,SAT,1,0,24,0,0.00037100000000123146,0.13746630727484038
meow-alea_n5_9.cnf,H0,SAT,3,3,50,0,0.0005670000000037589,0.08641975309322705
meow-alea_n5_9.cnf,H1,SAT,1,1,28,0,0.0003739999999936572,0.0401069518470715
meow-alea_n5_9.cnf,H2s,SAT,2,0,23,0,0.00034800000000245745,0.07758620690429645
meow-alea_n5_9.cnf,H2d,SAT,5,0,20,0,0.0005000000000023874,0.3140000000299565
meow-alea_n5_9.cnf,H3d,SAT,5,0,20,0,0.0004880000000042628,0.2930327868708646
meow-alea_n5_9.cnf,H4d,SAT,5,0,20,0,0.0005060000000014497,0.3300395257000251
meow-alea_n5_9.cnf,H7s,SAT,2,0,23,0,0.00034399999999834563,0.09011627909054284
meow-alea_n5_9.cnf,H7d,SAT,5,0,20,0,0.0005770000000069331,0.34488734836529106
meow-alea_n5_9.cnf,H8,SAT,1,0,24,0,0.0003840000000110422,0.15885416666811228
meow-alea_n6_0.cnf,H0,SAT,6,0,30,0,0.0008969999999948186,0.13823857300565698
meow-alea_n6_0.cnf,H1,SAT,2,0,34,0,0.0007410000000049877,0.0566801619532582
meow-alea_n6_0.cnf,H2s,SAT,6,0,30,0,0.0008819999999900574,0.13492063495209183
meow-alea_n6_0.cnf,H2d,SAT,12,0,24,0,0.0010960000000039827,0.3348540146076614
meow-alea_n6_0.cnf,H3d,SAT,12,0,24,0,0.000950000000003115,0.33578947370293266
meow-alea_n6_0.cnf,H4d,SAT,12,0,24,0,0.0009479999999939537,0.39556962029130455
meow-alea_n6_0.cnf,H7s,SAT,6,0,30,0,0.0008970000000090295,0.13377926422347824
meow-alea_n6_0.cnf,H7d,SAT,12,0,24,0,0.0014279999999899928,0.41596638658209323
meow-alea_n6_0.cnf,H8,SAT,1,0,35,0,0.0007569999999930133,0.12417437251111502
meow-alea_n6_1.cnf,H0,SAT,21,9,132,0,0.0035770000000070468,0.17892088343857293
meow-alea_n6_1.cnf,H1,SAT,3,0,33,0,0.0008040000000022474,0.07960199004298014
meow-alea_n6_1.cnf,H2s,SAT,20,4,49,0,0.0021179999999958454,0.2974504249302429
meow-alea_n6_1.cnf,H2d,SAT,25,0,11,0,0.002658999999994194,0.5438134637259048
meow-alea_n6_1.cnf,H3d,SAT,25,0,11,0,0.002480000000005589,0.5201612903260696
meow-alea_n6_1.cnf,H4d,SAT,21,0,15,0,0.002821999999994773,0.5542168674715783
meow-alea_n6_1.cnf,H7s,SAT,20,4,49,0,0.001821000000006734,0.25974739153407006
meow-alea_n6_1.cnf,H7d,SAT,25,0,11,0,0.0022120000000001028,0.584990958409313
meow-alea_n6_1.cnf,H8,SAT,4,1,45,0,0.0008610000000004447,0.24274099883625946
meow-alea_n6_2.cnf,H0,UNSAT,34,34,393,0,0.006564000000011561,0.1008531383309454
meow-alea_n6_2.cnf,H1,UNSAT,6,6,119,0,0.0030030000000067503,0.07392607393328335
meow-alea_n6_2.cnf,H2s,UNSAT,40,40,448,0,0.006910000000004857,0.09305354559172202
meow-alea_n6_2.cnf,H2d,UNSAT,18,18,270,0,0.006615000000010696,0.20241874527364437
meow-alea_n6_2.cnf,H3d,UNSAT,18,18,270,0,0.006493999999989342,0.18925161687885242
meow-alea_n6_2.cnf,H4d,UNSAT,18,18,270,0,0.006889000000001033,0.2292059805516958
meow-alea_n6_2.cnf,H7s,UNSAT,40,40,448,0,0.00776899999999614,0.11970652593788643
meow-alea_n6_2.cnf,H7d,UNSAT,18,18,270,0,0.007025999999996202,0.24992883575511998
meow-alea_n6_2.cnf,H8,UNSAT,2,2,60,0,0.0020119999999934635,0.19483101391964636
meow-alea_n6_3.cnf,H0,UNSAT,0,0,8,0,0.00032300000000873297,0.0
meow-alea_n6_3.cnf,H1,UNSAT,0,0,8,0,0.0003150000000005093,0.0
meow-alea_n6_3.cnf,H2s,UNSAT,0,0,8,0,0.00027399999999033753,0.0
meow-alea_n6_3.cnf,H2d,UNSAT,0,0,8,0,0.00023399999999185184,0.0
meow-alea_n6_3.cnf,H3d,UNSAT,0,0,8,0,0.00020299999999906504,0.0
meow-alea_n6_3.cnf,H4d,UNSAT,0,0,8,0,0.00019000000000346517,0.0
meow-alea_n6_3.cnf,H7s,UNSAT,0,0,8,0,0.00018599999999935335,0.0
meow-alea_n6_3.cnf,H7d,UNSAT,0,0,8,0,0.0001790000000028158,0.0
meow-alea_n6_3.cnf,H8,UNSAT,0,0,8,0,0.00017499999999870397,0.0
meow-alea_n6_4.cnf,H0,SAT,2,0,34,0,0.0007579999999904885,0.07783641160143563
meow-alea_n6_4.cnf,H1,SAT,21,20,226,0,0.003816999999997961,0.10689022793338229
meow-alea_n6_4.cnf,H2s,SAT,21,9,69,0,0.0024509999999935417,0.25458996328176275
meow-alea_n6_4.cnf,H2d,SAT,24,7,62,0,0.0031970000000001164,0.4842039411858563
meow-alea_n6_4.cnf,H3d,SAT,24,7,62,0,0.003056000000000836,0.45582460733210867
meow-alea_n6_4.cnf,H4d,SAT,23,6,52,0,0.0029169999999965057,0.5063421323263444
meow-alea_n6_4.cnf,H7s,SAT,21,9,69,0,0.002149000000002843,0.2117263843788434
meow-alea_n6_4.cnf,H7d,SAT,24,7,62,0,0.002789000000007036,0.5091430620317707
meow-alea_n6_4.cnf,H8,SAT,3,3,81,0,0.0019799999999889906,0.1868686868644458
meow-alea_n6_5.cnf,H0,SAT,23,17,200,0,0.003683999999992693,0.13707926166573137
meow-alea_n6_5.cnf,H1,SAT,6,3,55,0,0.0013379999999898473,0.09940209266970564
meow-alea_n6_5.cnf,H2s,SAT,12,3,44,0,0.0014779999999916527,0.19621109608147677
meow-alea_n6_5.cnf,H2d,SAT,26,0,10,0,0.0026769999999913807,0.5360478147199708
meow-alea_n6_5.cnf,H3d,SAT,26,0,10,0,0.0026679999999998927,0.5153673163349894
meow-alea_n6_5.cnf,H4d,SAT,26,0,10,0,0.003011000000000763,0.5808701428060847
meow-alea_n6_5.cnf,H7s,SAT,12,3,44,0,0.00190000000000623,0.23894736843777498
meow-alea_n6_5.cnf,H7d,SAT,26,0,10,0,0.002403000000001043,0.5705368289837884
meow-alea_n6_5.cnf,H8,SAT,5,1,45,0,0.001290999999994824,0.21456235477327307
meow-alea_n6_6.cnf,H0,UNSAT,0,0,10,0,0.0003519999999923584,0.0
meow-alea_n6_6.cnf,H1,UNSAT,0,0,10,0,0.00034200000000339514,0.0
meow-alea_n6_6.cnf,H2s,UNSAT,0,0,10,0,0.0003260000000011587,0.0
meow-alea_n6_6.cnf,H2d,UNSAT,0,0,10,0,0.00032099999999957163,0.0
meow-alea_n6_6.cnf,H3d,UNSAT,0,0,10,0,0.0003300000000052705,0.0
meow-alea_n6_6.cnf,H4d,UNSAT,0,0,10,0,0.0002819999999985612,0.0
meow-alea_n6_6.cnf,H7s,UNSAT,0,0,10,0,0.00033299999999769625,0.0
meow-alea_n6_6.cnf,H7d,UNSAT,0,0,10,0,0.00031799999999293505,0.0
meow-alea_n6_6.cnf,H8,UNSAT,0,0,10,0,0.0003120000000080836,0.0
meow-alea_n6_7.cnf,H0,UNSAT,28,28,314,0,0.006258000000002539,0.11601150527096853
meow-alea_n6_7.cnf,H1,UNSAT,45,45,578,0,0.007747000000009052,0.09345553117392927
meow-alea_n6_7.cnf,H2s,UNSAT,54,54,648,0,0.009098999999991975,0.10056050115474485
meow-alea_n6_7.cnf,H2d,UNSAT,25,25,322,0,0.006456000000000017,0.2208798017384542
meow-alea_n6_7.cnf,H3d,UNSAT,25,25,322,0,0.005557999999993513,0.17578265563280698
meow-alea_n6_7.cnf,H4d,UNSAT,24,24,314,0,0.006992999999994254,0.22636922636892037
meow-alea_n6_7.cnf,H7s,UNSAT,54,54,648,0,0.009626999999994723,0.1188324504025688
meow-alea_n6_7.cnf,H7d,UNSAT,25,25,322,0,0.006257000000005064,0.22822438868743147
meow-alea_n6_7.cnf,H8,UNSAT,1,1,49,0,0.00131799999999771,0.1449165402134084
meow-alea_n6_8.cnf,H0,SAT,6,0,30,0,0.0008860000000083801,0.13882618510263012
meow-alea_n6_8.cnf,H1,SAT,3,0,33,0,0.000727999999995177,0.05906593407336147
meow-alea_n6_8.cnf,H2s,SAT,10,0,26,0,0.0009170000000011669,0.15921483097129976
meow-alea_n6_8.cnf,H2d,SAT,12,0,24,0,0.0012040000000013151,0.3488372093064429
meow-alea_n6_8.cnf,H3d,SAT,12,0,24,0,0.0010860000000008085,0.29558011044428106
meow-alea_n6_8.cnf,H4d,SAT,11,0,25,0,0.000945000000001528,0.3248677248740742
meow-alea_n6_8.cnf,H7s,SAT,10,0,26,0,0.0007379999999983511,0.147696476958064
meow-alea_n6_8.cnf,H7d,SAT,12,0,24,0,0.0009420000000091022,0.385350318490363
meow-alea_n6_8.cnf,H8,SAT,1,0,35,0,0.000556999999986374,0.11131059246194107
meow-alea_n6_9.cnf,H0,UNSAT,4,4,98,0,0.0017529999999936763,0.07244723331811957
meow-alea_n6_9.cnf,H1,UNSAT,2,2,51,0,0.0011190000000027567,0.06970509383541443
meow-alea_n6_9.cnf,H2s,UNSAT,22,22,387,0,0.005489000000011401,0.07760976498775812
meow-alea_n6_9.cnf,H2d,UNSAT,10,10,209,0,0.004113000000003808,0.16265499634645952
meow-alea_n6_9.cnf,H3d,UNSAT,10,10,209,0,0.004188999999996668,0.142993554553096
meow-alea_n6_9.cnf,H4d,UNSAT,10,10,209,0,0.004722000000001003,0.18975010588372346
meow-alea_n6_9.cnf,H7s,UNSAT,22,22,387,0,0.006589000000005285,0.07876764303660823
meow-alea_n6_9.cnf,H7d,UNSAT,10,10,209,0,0.005606000000000222,0.22065643952964936
meow-alea_n6_9.cnf,H8,UNSAT,1,1,49,0,0.0013299999999958345,0.14812030075234567
meow-alea_n8_0.cnf,H0,UNSAT,0,0,22,0,0.0019949999999937518,0.0
meow-alea_n8_0.cnf,H1,UNSAT,0,0,22,0,0.0016020000000054324,0.0
meow-alea_n8_0.cnf,H2s,UNSAT,0,0,22,0,0.001956000000006952,0.0
meow-alea_n8_0.cnf,H2d,UNSAT,0,0,22,0,0.0019670000000076016,0.0
meow-alea_n8_0.cnf,H3d,UNSAT,0,0,22,0,0.00197799999999404,0.0
meow-alea_n8_0.cnf,H4d,UNSAT,0,0,22,0,0.0018539999999944712,0.0
meow-alea_n8_0.cnf,H7s,UNSAT,0,0,22,0,0.0014940000000081,0.0
meow-alea_n8_0.cnf,H7d,UNSAT,0,0,22,0,0.001581000000001609,0.0
meow-alea_n8_0.cnf,H8,UNSAT,0,0,22,0,0.0014700000000118507,0.0
meow-alea_n8_1.cnf,H0,UNSAT,3,3,94,0,0.0049220000000076425,0.04815115806544503
meow-alea_n8_1.cnf,H1,UNSAT,3,3,89,0,0.005473999999992429,0.05242966751928118
meow-alea_n8_1.cnf,H2s,UNSAT,44,44,537,0,0.013859999999993988,0.08621933621905732
meow-alea_n8_1.cnf,H2d,UNSAT,42,42,471,0,0.01692799999999295,0.1925212665381986
meow-alea_n8_1.cnf,H3d,UNSAT,42,42,471,0,0.015603999999996176,0.16694437323966246
meow-alea_n8_1.cnf,H4d,UNSAT,33,33,430,0,0.014873000000008574,0.22537484031593905
meow-alea_n8_1.cnf,H7s,UNSAT,44,44,537,0,0.015451999999996247,0.10192855293832055
meow-alea_n8_1.cnf,H7d,UNSAT,42,42,471,0,0.01660400000000095,0.21964586846290066
meow-alea_n8_1.cnf,H8,UNSAT,1,1,63,0,0.003005999999999176,0.08083832335250078
meow-alea_n8_2.cnf,H0,UNSAT,3,3,81,0,0.002387999999996282,0.027219430482542453
meow-alea_n8_2.cnf,H1,UNSAT,11,11,160,0,0.003585999999998535,0.053541550481571616
meow-alea_n8_2.cnf,H2s,UNSAT,14,14,179,0,0.003892000000007556,0.05986639260229576
meow-alea_n8_2.cnf,H2d,UNSAT,11,11,160,0,0.0034699999999929787,0.10172910663370884
meow-alea_n8_2.cnf,H3d,UNSAT,11,11,160,0,0.003125999999994633,0.09628918745801028
meow-alea_n8_2.cnf,H4d,UNSAT,10,10,155,0,0.0030459999999976617,0.12278397898684973
meow-alea_n8_2.cnf,H7s,UNSAT,14,14,179,0,0.0038389999999992597,0.056525136748624936
meow-alea_n8_2.cnf,H7d,UNSAT,11,11,160,0,0.0040370000000109485,0.13896457766450257
meow-alea_n8_2.cnf,H8,UNSAT,1,1,60,0,0.0028020000000026357,0.03497501784735082
meow-alea_n8_3.cnf,H0,SAT,40,28,383,0,0.017581000000006952,0.13292759228933823
meow-alea_n8_3.cnf,H1,SAT,4,2,75,0,0.003746999999989953,0.07872965038562905
meow-alea_n8_3.cnf,H2s,SAT,50,20,240,0,0.012343000000001325,0.24977720164957937
meow-alea_n8_3.cnf,H2d,SAT,48,1,19,0,0.008842999999998824,0.5094424968976937
meow-alea_n8_3.cnf,H3d,SAT,48,1,19,0,0.010330000000010386,0.49777347531336286
meow-alea_n8_3.cnf,H4d,SAT,34,1,34,0,0.008479000000008341,0.5225852105225623
meow-alea_n8_3.cnf,H7s,SAT,50,20,240,0,0.012094000000004712,0.2459897469765318
meow-alea_n8_3.cnf,H7d,SAT,48,1,19,0,0.0125940000000071,0.595442274096972
meow-alea_n8_3.cnf,H8,SAT,4,1,62,0,0.0035330000000044492,0.17294084347335867
meow-alea_n8_4.cnf,H0,UNSAT,101,101,1188,0,0.04230399999998724,0.09462462178245165
meow-alea_n8_4.cnf,H1,UNSAT,282,282,3402,0,0.10313999999999623,0.10664145821295203
meow-alea_n8_4.cnf,H2s,UNSAT,502,502,5169,0,0.1043769999999995,0.11825402147943274
meow-alea_n8_4.cnf,H2d,UNSAT,128,128,1549,0,0.05337299999999345,0.19391827328644595
meow-alea_n8_4.cnf,H3d,UNSAT,128,128,1549,0,0.05144200000000865,0.17411842463372193
meow-alea_n8_4.cnf,H4d,UNSAT,85,85,1154,0,0.045085000000000264,0.21075745813521227
meow-alea_n8_4.cnf,H7s,UNSAT,502,502,5169,0,0.10376099999999155,0.10916432956487529
meow-alea_n8_4.cnf,H7d,UNSAT,128,128,1549,0,0.05661499999999364,0.2438752980666623
meow-alea_n8_4.cnf,H8,UNSAT,1,1,24,0,0.002684000000002129,0.17846497764462887
meow-alea_n8_5.cnf,H0,UNSAT,0,0,4,0,0.0003829999999993561,0.0
meow-alea_n8_5.cnf,H1,UNSAT,0,0,4,0,0.0003600000000005821,0.0
meow-alea_n8_5.cnf,H2s,UNSAT,0,0,4,0,0.00035799999999142074,0.0
meow-alea_n8_5.cnf,H2d,UNSAT,0,0,4,0,0.000354999999998995,0.0
meow-alea_n8_5.cnf,H3d,UNSAT,0,0,4,0,0.00034499999999582087,0.0
meow-alea_n8_5.cnf,H4d,UNSAT,0,0,4,0,0.0003229999999945221,0.0
meow-alea_n8_5.cnf,H7s,UNSAT,0,0,4,0,0.00027599999999949887,0.0
meow-alea_n8_5.cnf,H7d,UNSAT,0,0,4,0,0.0002420000000000755,0.0
meow-alea_n8_5.cnf,H8,UNSAT,0,0,4,0,0.0002230000000054133,0.0
meow-alea_n8_6.cnf,H0,SAT,8,0,56,0,0.0030030000000067503,0.1295371295410439
meow-alea_n8_6.cnf,H1,SAT,9,6,125,0,0.005799000000010324,0.08656664942170102
meow-alea_n8_6.cnf,H2s,SAT,39,28,376,0,0.010244000000000142,0.14193674345913543
meow-alea_n8_6.cnf,H2d,SAT,31,15,233,0,0.007866999999990298,0.28384390492555134
meow-alea_n8_6.cnf,H3d,SAT,31,15,233,0,0.007474999999999454,0.2698327759247934
meow-alea_n8_6.cnf,H4d,SAT,28,12,225,0,0.008911000000011882,0.34115138592051425
meow-alea_n8_6.cnf,H7s,SAT,39,28,376,0,0.009681000000000495,0.14822848878814537
meow-alea_n8_6.cnf,H7d,SAT,31,15,233,0,0.007542999999998301,0.3444252949801276
meow-alea_n8_6.cnf,H8,SAT,3,0,61,0,0.0027280000000047266,0.1488269794659882
meow-alea_n8_7.cnf,H0,UNSAT,0,0,5,0,0.0005359999999967613,0.0
meow-alea_n8_7.cnf,H1,UNSAT,0,0,5,0,0.0004969999999957508,0.0
meow-alea_n8_7.cnf,H2s,UNSAT,0,0,5,0,0.0004119999999971924,0.0
meow-alea_n8_7.cnf,H2d,UNSAT,0,0,5,0,0.0005090000000080863,0.0
meow-alea_n8_7.cnf,H3d,UNSAT,0,0,5,0,0.0005889999999908468,0.0
meow-alea_n8_7.cnf,H4d,UNSAT,0,0,5,0,0.0005279999999885376,0.0
meow-alea_n8_7.cnf,H7s,UNSAT,0,0,5,0,0.0004969999999957508,0.0
meow-alea_n8_7.cnf,H7d,UNSAT,0,0,5,0,0.0004899999999992133,0.0
meow-alea_n8_7.cnf,H8,UNSAT,0,0,5,0,0.0004789999999985639,0.0
meow-alea_n8_8.cnf,H0,SAT,11,3,116,0,0.007296000000010849,0.1584429824590609
meow-alea_n8_8.cnf,H1,SAT,2,0,62,0,0.0031370000000094933,0.0771437679354651
meow-alea_n8_8.cnf,H2s,SAT,40,13,194,0,0.010514999999998054,0.20085592011520542
meow-alea_n8_8.cnf,H2d,SAT,42,0,22,0,0.0103160000000031,0.5145405195796451
meow-alea_n8_8.cnf,H3d,SAT,42,0,22,0,0.010300000000000864,0.5039805825266388
meow-alea_n8_8.cnf,H4d,SAT,41,0,23,0,0.011982000000003268,0.5711901185122104
meow-alea_n8_8.cnf,H7s,SAT,40,13,194,0,0.009583000000006336,0.19002400082797408
meow-alea_n8_8.cnf,H7d,SAT,42,0,22,0,0.01044399999999257,0.5794714668724008
meow-alea_n8_8.cnf,H8,SAT,6,2,82,0,0.004511000000007925,0.23342939481831793
meow-alea_n8_9.cnf,H0,UNSAT,0,0,5,0,0.0005400000000008731,0.0
meow-alea_n8_9.cnf,H1,UNSAT,0,0,5,0,0.0005249999999961119,0.0
meow-alea_n8_9.cnf,H2s,UNSAT,0,0,5,0,0.0005249999999961119,0.0
meow-alea_n8_9.cnf,H2d,UNSAT,0,0,5,0,0.0005249999999961119,0.0
meow-alea_n8_9.cnf,H3d,UNSAT,0,0,5,0,0.0005009999999998627,0.0
meow-alea_n8_9.cnf,H4d,UNSAT,0,0,5,0,0.0005089999999938755,0.0
meow-alea_n8_9.cnf,H7s,UNSAT,0,0,5,0,0.0004959999999982756,0.0
meow-alea_n8_9.cnf,H7d,UNSAT,0,0,5,0,0.0004950000000008004,0.0
meow-alea_n8_9.cnf,H8,UNSAT,0,0,5,0,0.0004909999999966885,0.0
meow-sat_n10_0.cnf,H0,SAT,12,0,88,0,0.010511999999991417,0.17694063926623196
meow-sat_n10_0.cnf,H1,SAT,16,8,170,0,0.01599199999999712,0.09104552275990528
meow-sat_n10_0.cnf,H2s,SAT,61,0,39,0,0.018962000000001922,0.3314523784420947
meow-sat_n10_0.cnf,H2d,SAT,96,20,132,0,0.02954600000001051,0.5127597644336807
meow-sat_n10_0.cnf,H3d,SAT,96,20,132,0,0.030221999999994864,0.49238964992688705
meow-sat_n10_0.cnf,H4d,SAT,86,10,69,0,0.03154299999999921,0.5628507117240489
meow-sat_n10_0.cnf,H7s,SAT,61,0,39,0,0.02073599999999942,0.3403260030858982
meow-sat_n10_0.cnf,H7d,SAT,96,20,132,0,0.03617700000000923,0.5879426154734112
meow-sat_n10_0.cnf,H8,SAT,9,2,97,0,0.009807000000009225,0.21331701845502876
meow-sat_n10_1.cnf,H0,SAT,24,13,312,0,0.014741000000000781,0.11532460484263549
meow-sat_n10_1.cnf,H1,SAT,17,10,155,0,0.018254999999996357,0.10627225417643889
meow-sat_n10_1.cnf,H2s,SAT,43,0,57,0,0.014061999999995578,0.24804437491452894
meow-sat_n10_1.cnf,H2d,SAT,60,0,40,0,0.020937000000003536,0.44304341596344726
meow-sat_n10_1.cnf,H3d,SAT,60,0,40,0,0.01730100000000334,0.4045430899967977
meow-sat_n10_1.cnf,H4d,SAT,58,0,42,0,0.019693000000003735,0.46488600009893505
meow-sat_n10_1.cnf,H7s,SAT,43,0,57,0,0.01185099999999295,0.23888279469985194
meow-sat_n10_1.cnf,H7d,SAT,60,0,40,0,0.02240799999999865,0.5057122456264095
meow-sat_n10_1.cnf,H8,SAT,7,1,100,0,0.009480000000010591,0.15305907173159994
meow-sat_n10_2.cnf,H0,SAT,21,6,133,0,0.011687999999992371,0.17145790554907617
meow-sat_n10_2.cnf,H1,SAT,20,12,288,0,0.014083999999996877,0.08001988071448513
meow-sat_n10_2.cnf,H2s,SAT,111,55,522,0,0.0294799999999924,0.27774762551288595
meow-sat_n10_2.cnf,H2d,SAT,80,0,20,0,0.02857900000000768,0.52258651457379
meow-sat_n10_2.cnf,H3d,SAT,80,0,20,0,0.026963000000009174,0.50684271038127
meow-sat_n10_2.cnf,H4d,SAT,80,0,20,0,0.029835000000005607,0.5615552203793194
meow-sat_n10_2.cnf,H7s,SAT,111,55,522,0,0.029366000000010217,0.28185656882121746
meow-sat_n10_2.cnf,H7d,SAT,80,0,20,0,0.03521499999999378,0.5955416725816132
meow-sat_n10_2.cnf,H8,SAT,9,0,91,0,0.00965599999999256,0.22120961059983904
meow-sat_n10_3.cnf,H0,SAT,13,4,112,0,0.010065999999994801,0.12010729187539614
meow-sat_n10_3.cnf,H1,SAT,6,0,94,0,0.008207999999996218,0.05421539961005672
meow-sat_n10_3.cnf,H2s,SAT,150,107,1227,0,0.03313299999999231,0.19581685932515036
meow-sat_n10_3.cnf,H2d,SAT,61,0,39,0,0.018565999999992755,0.42006894322849747
meow-sat_n10_3.cnf,H3d,SAT,61,0,39,0,0.02077299999999127,0.4199682279864187
meow-sat_n10_3.cnf,H4d,SAT,60,0,40,0,0.022486000000000672,0.48336742862032445
meow-sat_n10_3.cnf,H7s,SAT,150,107,1227,0,0.03216600000000369,0.17403469501710817
meow-sat_n10_3.cnf,H7d,SAT,61,0,39,0,0.021785999999991645,0.49586890663793404
meow-sat_n10_3.cnf,H8,SAT,7,1,106,0,0.010046000000002664,0.1728050965566111
meow-sat_n10_4.cnf,H0,SAT,8,0,92,0,0.010621000000000436,0.1583655023069706
meow-sat_n10_4.cnf,H1,SAT,10,3,120,0,0.009304000000000201,0.08415735167499958
meow-sat_n10_4.cnf,H2s,SAT,56,5,93,0,0.023028000000010707,0.33632968560059495
meow-sat_n10_4.cnf,H2d,SAT,79,0,21,0,0.02684899999999857,0.5186412901784481
meow-sat_n10_4.cnf,H3d,SAT,79,0,21,0,0.028555999999994697,0.5105757108828071
meow-sat_n10_4.cnf,H4d,SAT,77,0,23,0,0.026758000000000948,0.5598699454376107
meow-sat_n10_4.cnf,H7s,SAT,56,5,93,0,0.02279300000000717,0.331329794233273
meow-sat_n10_4.cnf,H7d,SAT,79,0,21,0,0.028176999999999452,0.5944209816564066
meow-sat_n10_4.cnf,H8,SAT,8,0,92,0,0.010486999999997693,0.22942690950643638
meow-sat_n10_5.cnf,H0,SAT,27,15,267,0,0.015772999999995818,0.1465161985684886
meow-sat_n10_5.cnf,H1,SAT,11,4,142,0,0.018026999999989357,0.075220502578001
meow-sat_n10_5.cnf,H2s,SAT,52,6,89,0,0.020316000000008216,0.3277219925181588
meow-sat_n10_5.cnf,H2d,SAT,79,0,21,0,0.030185000000003015,0.5168129865814837
meow-sat_n10_5.cnf,H3d,SAT,79,0,21,0,0.029657000000000266,0.5017702397420802
meow-sat_n10_5.cnf,H4d,SAT,80,0,20,0,0.034047999999998524,0.5691083176685318
meow-sat_n10_5.cnf,H7s,SAT,52,6,89,0,0.021890999999996552,0.32456260563557604
meow-sat_n10_5.cnf,H7d,SAT,79,0,21,0,0.03381599999998741,0.5875325289819159
meow-sat_n10_5.cnf,H8,SAT,7,1,98,0,0.009810999999999126,0.20986647640722686
meow-sat_n10_6.cnf,H0,SAT,16,3,113,0,0.01140600000000802,0.17709977204982172
meow-sat_n10_6.cnf,H1,SAT,8,1,99,0,0.008958000000006905,0.060058048670606955
meow-sat_n10_6.cnf,H2s,SAT,40,0,60,0,0.018231999999997583,0.3060004387880575
meow-sat_n10_6.cnf,H2d,SAT,214,145,1392,0,0.06061699999999348,0.37283270369791216
meow-sat_n10_6.cnf,H3d,SAT,214,145,1392,0,0.058468999999988114,0.35598351263169403
meow-sat_n10_6.cnf,H4d,SAT,172,103,1098,0,0.05338100000000168,0.40772934190016913
meow-sat_n10_6.cnf,H7s,SAT,40,0,60,0,0.01600299999999777,0.2936324439142818
meow-sat_n10_6.cnf,H7d,SAT,214,145,1392,0,0.06527600000001144,0.42539371284946076
meow-sat_n10_6.cnf,H8,SAT,9,2,109,0,0.010956000000007293,0.2130339540006927
meow-sat_n10_7.cnf,H0,SAT,13,1,113,0,0.01027899999999704,0.146512306645263
meow-sat_n10_7.cnf,H1,SAT,9,3,113,0,0.008951999999993632,0.08355674709585091
meow-sat_n10_7.cnf,H2s,SAT,118,58,730,0,0.03311999999999671,0.2723128019313852
meow-sat_n10_7.cnf,H2d,SAT,80,0,20,0,0.031244999999998413,0.5234757561196995
meow-sat_n10_7.cnf,H3d,SAT,80,0,20,0,0.029163999999994417,0.511315320253406
meow-sat_n10_7.cnf,H4d,SAT,79,0,21,0,0.029732999999993126,0.5599502236583357
meow-sat_n10_7.cnf,H7s,SAT,118,58,730,0,0.030951999999999202,0.2478999741515988
meow-sat_n10_7.cnf,H7d,SAT,80,0,20,0,0.03342399999999657,0.5975347056011227
meow-sat_n10_7.cnf,H8,SAT,10,4,135,0,0.011408000000002971,0.2158134642363044
meow-sat_n10_8.cnf,H0,SAT,21,5,145,0,0.00993799999999112,0.131716643185648
meow-sat_n10_8.cnf,H1,SAT,8,2,107,0,0.007700999999997293,0.04843526815205111
meow-sat_n10_8.cnf,H2s,SAT,38,1,72,0,0.014292999999995004,0.2423563982375525
meow-sat_n10_8.cnf,H2d,SAT,60,1,43,0,0.019497000000001208,0.4360670872401561
meow-sat_n10_8.cnf,H3d,SAT,60,1,43,0,0.02024999999999011,0.41851851851823
meow-sat_n10_8.cnf,H4d,SAT,59,1,44,0,0.022563000000005218,0.4872135797543146
meow-sat_n10_8.cnf,H7s,SAT,38,1,72,0,0.013971999999995433,0.22874320069040355
meow-sat_n10_8.cnf,H7d,SAT,60,1,43,0,0.0201629999999966,0.4968506670629262
meow-sat_n10_8.cnf,H8,SAT,6,0,94,0,0.0082750000000118,0.14682779456367887
meow-sat_n10_9.cnf,H0,SAT,15,3,123,0,0.016359999999991715,0.1667481662578048
meow-sat_n10_9.cnf,H1,SAT,31,24,409,0,0.028113999999987982,0.07377107490858376
meow-sat_n10_9.cnf,H2s,SAT,70,20,218,0,0.02748900000000276,0.27796573174849304
meow-sat_n10_9.cnf,H2d,SAT,73,1,33,0,0.02911999999999182,0.5109546703291001
meow-sat_n10_9.cnf,H3d,SAT,73,1,33,0,0.030287000000001285,0.4992571070079647
meow-sat_n10_9.cnf,H4d,SAT,66,1,41,0,0.02763900000000774,0.5454611237765571
meow-sat_n10_9.cnf,H7s,SAT,70,20,218,0,0.027775000000005434,0.28381638163630457
meow-sat_n10_9.cnf,H7d,SAT,73,1,33,0,0.033096999999997934,0.5863673444745242
meow-sat_n10_9.cnf,H8,SAT,9,0,91,0,0.01037900000000036,0.2164948453646359
meow-sat_n12_0.cnf,H0,SAT,23,5,210,0,0.02618400000000065,0.09883898563965193
meow-sat_n12_0.cnf,H1,SAT,11,5,194,0,0.023353999999997654,0.0524535411476676
meow-sat_n12_0.cnf,H2s,SAT,63,11,238,0,0.037501000000006,0.2278605903837884
meow-sat_n12_0.cnf,H2d,SAT,95,0,49,0,0.05278599999999756,0.44708824309454637
meow-sat_n12_0.cnf,H3d,SAT,95,0,49,0,0.04683299999999235,0.43117032861433624
meow-sat_n12_0.cnf,H4d,SAT,95,0,49,0,0.05310199999999554,0.49815449512323934
meow-sat_n12_0.cnf,H7s,SAT,63,11,238,0,0.037627999999997996,0.23700435845670495
meow-sat_n12_0.cnf,H7d,SAT,95,0,49,0,0.055468000000004736,0.5129444003772796
meow-sat_n12_0.cnf,H8,SAT,9,0,135,0,0.01961400000000424,0.1367390639342612
meow-sat_n12_1.cnf,H0,SAT,17,3,136,0,0.02230799999999533,0.13927738927805414
meow-sat_n12_1.cnf,H1,SAT,297,288,3305,0,0.1402959999999922,0.09831356560450923
meow-sat_n12_1.cnf,H2s,SAT,121,56,784,0,0.061779999999998836,0.25422466817800865
meow-sat_n12_1.cnf,H2d,SAT,124,0,20,0,0.07392499999998847,0.5166993574576869
meow-sat_n12_1.cnf,H3d,SAT,124,0,20,0,0.07413300000000334,0.4989141138222246
meow-sat_n12_1.cnf,H4d,SAT,124,0,20,0,0.08339600000000758,0.570267159095397
meow-sat_n12_1.cnf,H7s,SAT,121,56,784,0,0.06322000000000116,0.25689655172380926
meow-sat_n12_1.cnf,H7d,SAT,124,0,20,0,0.08343299999999942,0.5898625244205318
meow-sat_n12_1.cnf,H8,SAT,9,0,135,0,0.023347999999998592,0.17851636114534508
meow-sat_n12_2.cnf,H0,SAT,13,0,131,0,0.020304999999993356,0.10396454075420879
meow-sat_n12_2.cnf,H1,SAT,10,4,194,0,0.02411699999998973,0.05759422813739577
meow-sat_n12_2.cnf,H2s,SAT,99,40,500,0,0.038842000000002486,0.2460480922697974
meow-sat_n12_2.cnf,H2d,SAT,94,0,50,0,0.048967000000004646,0.4410929809882086
meow-sat_n12_2.cnf,H3d,SAT,94,0,50,0,0.04665300000000627,0.4234454375921517
meow-sat_n12_2.cnf,H4d,SAT,92,0,52,0,0.05069399999999291,0.47626938099259525
meow-sat_n12_2.cnf,H7s,SAT,99,40,500,0,0.03950400000000798,0.24167172944573323
meow-sat_n12_2.cnf,H7d,SAT,94,0,50,0,0.057048999999992134,0.5133306455842266
meow-sat_n12_2.cnf,H8,SAT,6,0,138,0,0.01963999999999544,0.13279022403236582
meow-sat_n12_3.cnf,H0,SAT,6053,6032,74562,0,2.1456909999999993,0.09717755259281173
meow-sat_n12_3.cnf,H1,SAT,14,6,199,0,0.023313000000001693,0.06168232316825309
meow-sat_n12_3.cnf,H2s,SAT,9517,9435,99288,0,1.806198000000009,0.15566455061960224
meow-sat_n12_3.cnf,H2d,SAT,720,612,6016,0,0.2139749999999907,0.34135296179403546
meow-sat_n12_3.cnf,H3d,SAT,720,612,6016,0,0.20652800000000582,0.3202471335604568
meow-sat_n12_3.cnf,H4d,SAT,688,582,5797,0,0.2154859999999985,0.3700890081013294
meow-sat_n12_3.cnf,H7s,SAT,9517,9435,99288,0,1.7764650000000017,0.13491681513548767
meow-sat_n12_3.cnf,H7d,SAT,720,612,6016,0,0.22588799999999765,0.4021860390986746
meow-sat_n12_3.cnf,H8,SAT,10,2,190,0,0.03982899999999745,0.16184187401025943
meow-sat_n12_4.cnf,H0,SAT,244,227,3466,0,0.09109200000000328,0.11260044789940078
meow-sat_n12_4.cnf,H1,SAT,11,2,151,0,0.022449000000008823,0.06900084636271224
meow-sat_n12_4.cnf,H2s,SAT,20726,20656,203424,0,3.6993419999999873,0.1507354551162786
meow-sat_n12_4.cnf,H2d,SAT,120,1,27,0,0.0699419999999975,0.5205169997998454
meow-sat_n12_4.cnf,H3d,SAT,120,1,27,0,0.0680409999999938,0.4945400567298741
meow-sat_n12_4.cnf,H4d,SAT,120,1,27,0,0.08035099999999318,0.5664024094294464
meow-sat_n12_4.cnf,H7s,SAT,20726,20656,203424,0,3.656206999999995,0.13230541924987455
meow-sat_n12_4.cnf,H7d,SAT,120,1,27,0,0.08296199999999487,0.5891974638991034
meow-sat_n12_4.cnf,H8,SAT,8,0,136,0,0.01786400000000299,0.17353336318949428
meow-sat_n12_5.cnf,H0,SAT,118,100,1247,0,0.040312000000000126,0.12539690414867324
meow-sat_n12_5.cnf,H1,SAT,33,28,435,0,0.03347200000000328,0.07319550669076225
meow-sat_n12_5.cnf,H2s,SAT,92,2,73,0,0.051400999999998476,0.33830081126871586
meow-sat_n12_5.cnf,H2d,SAT,119,0,25,0,0.0741779999999892,0.5155841354574989
meow-sat_n12_5.cnf,H3d,SAT,119,0,25,0,0.06860300000001018,0.49783537163178293
meow-sat_n12_5.cnf,H4d,SAT,113,0,31,0,0.07448700000000485,0.5600977351757742
meow-sat_n12_5.cnf,H7s,SAT,92,2,73,0,0.05250999999999806,0.34362978480296985
meow-sat_n12_5.cnf,H7d,SAT,119,0,25,0,0.0845679999999902,0.5864038406962224
meow-sat_n12_5.cnf,H8,SAT,10,1,150,0,0.024802000000008206,0.20349165389957372
meow-sat_n12_6.cnf,H0,SAT,11832,11813,148259,0,2.916503000000006,0.1001411622070869
meow-sat_n12_6.cnf,H1,SAT,15,7,244,0,0.029764000000000124,0.06467544684901752
meow-sat_n12_6.cnf,H2s,SAT,83,2,74,0,0.05091099999999926,0.3336607020082833
meow-sat_n12_6.cnf,H2d,SAT,122,0,22,0,0.07259100000000274,0.5115372429090385
meow-sat_n12_6.cnf,H3d,SAT,122,0,22,0,0.06790800000000274,0.49705483889948554
meow-sat_n12_6.cnf,H4d,SAT,118,0,26,0,0.07872500000000571,0.5611940298510313
meow-sat_n12_6.cnf,H7s,SAT,83,2,74,0,0.049329999999997654,0.3263734036091192
meow-sat_n12_6.cnf,H7d,SAT,122,0,22,0,0.08485600000000204,0.5889153389273769
meow-sat_n12_6.cnf,H8,SAT,12,3,181,0,0.027709000000001538,0.18614890468779668
meow-sat_n12_7.cnf,H0,SAT,41,24,519,0,0.04362600000000327,0.1271031036540528
meow-sat_n12_7.cnf,H1,SAT,10,2,148,0,0.02234500000000139,0.04878048780636716
meow-sat_n12_7.cnf,H2s,SAT,118,28,376,0,0.0596829999999926,0.31243402643856155
meow-sat_n12_7.cnf,H2d,SAT,119,0,25,0,0.07762599999999509,0.5128049880187286
meow-sat_n12_7.cnf,H3d,SAT,119,0,25,0,0.07399600000000817,0.49944591599637805
meow-sat_n12_7.cnf,H4d,SAT,119,0,25,0,0.08371100000000808,0.5679301406026481
meow-sat_n12_7.cnf,H7s,SAT,118,28,376,0,0.060435999999995715,0.3206697994567994
meow-sat_n12_7.cnf,H7d,SAT,119,0,25,0,0.08257299999999645,0.5925060249721764
meow-sat_n12_7.cnf,H8,SAT,8,0,136,0,0.025982999999996537,0.24600700458015373
meow-sat_n12_8.cnf,H0,SAT,13,0,131,0,0.022875999999996566,0.10976569330359169
meow-sat_n12_8.cnf,H1,SAT,14,5,205,0,0.023910000000000764,0.05570890840494859
meow-sat_n12_8.cnf,H2s,SAT,78,1,74,0,0.03406900000000235,0.2697466905411314
meow-sat_n12_8.cnf,H2d,SAT,97,0,47,0,0.049135999999990077,0.44417535004820585
meow-sat_n12_8.cnf,H3d,SAT,97,0,47,0,0.04592999999999847,0.41312867406826737
meow-sat_n12_8.cnf,H4d,SAT,95,0,49,0,0.058317000000002395,0.49777937822529594
meow-sat_n12_8.cnf,H7s,SAT,78,1,74,0,0.030354000000002657,0.2466890689853129
meow-sat_n12_8.cnf,H7d,SAT,97,0,47,0,0.04732900000000484,0.5232521287151003
meow-sat_n12_8.cnf,H8,SAT,10,2,161,0,0.020388000000011175,0.1211987443600523
meow-sat_n12_9.cnf,H0,SAT,65,47,655,0,0.045949000000007345,0.1278373849259426
meow-sat_n12_9.cnf,H1,SAT,14,8,212,0,0.030557999999999197,0.062438641271414075
meow-sat_n12_9.cnf,H2s,SAT,344,276,5189,0,0.3639909999999986,0.10854389256875994
meow-sat_n12_9.cnf,H2d,SAT,808,713,6465,0,0.19393300000000124,0.34551623498802336
meow-sat_n12_9.cnf,H3d,SAT,808,713,6465,0,0.19506699999999455,0.33006095341501557
meow-sat_n12_9.cnf,H4d,SAT,286,192,2242,0,0.1350709999999964,0.42050477156386357
meow-sat_n12_9.cnf,H7s,SAT,344,276,5189,0,0.36496300000000303,0.10701906768646047
meow-sat_n12_9.cnf,H7d,SAT,808,713,6465,0,0.22730799999999363,0.409536839881654
meow-sat_n12_9.cnf,H8,SAT,40,32,596,0,0.03342800000000068,0.17937058753129095
meow-sat_n14_0.cnf,H0,SAT,427,411,5621,0,0.2735930000000053,0.0944907216190797
meow-sat_n14_0.cnf,H1,SAT,64,56,786,0,0.05376300000000356,0.0596878894401281
meow-sat_n14_0.cnf,H2s,SAT,114,4,101,0,0.1173819999999921,0.3196742260307053
meow-sat_n14_0.cnf,H2d,SAT,169,3,48,0,0.14979700000000662,0.5230078038942881
meow-sat_n14_0.cnf,H3d,SAT,169,3,48,0,0.16248600000000124,0.5097669953101943
meow-sat_n14_0.cnf,H4d,SAT,169,3,48,0,0.1838070000000016,0.5786667537145759
meow-sat_n14_0.cnf,H7s,SAT,114,4,101,0,0.1130940000000038,0.31617946133254854
meow-sat_n14_0.cnf,H7d,SAT,169,3,48,0,0.1948280000000011,0.5684193237107138
meow-sat_n14_0.cnf,H8,SAT,11,1,200,0,0.05253600000000347,0.14793665296128067
meow-sat_n14_1.cnf,H0,SAT,23,3,268,0,0.055125000000003865,0.09908390022742049
meow-sat_n14_1.cnf,H1,SAT,3491,3480,32480,0,0.7706339999999869,0.10803572123760481
meow-sat_n14_1.cnf,H2s,SAT,202,97,1048,0,0.12583899999999915,0.35085307416517764
meow-sat_n14_1.cnf,H2d,SAT,3229,3072,32251,0,0.6399079999999913,0.34532776586726216
meow-sat_n14_1.cnf,H3d,SAT,3229,3072,32251,0,0.6139009999999985,0.32169519189574663
meow-sat_n14_1.cnf,H4d,SAT,2534,2382,25642,0,0.581395999999998,0.3661755498838639
meow-sat_n14_1.cnf,H7s,SAT,202,97,1048,0,0.12407299999999566,0.33738202509733606
meow-sat_n14_1.cnf,H7d,SAT,3229,3072,32251,0,0.6940129999999982,0.3824049405414409
meow-sat_n14_1.cnf,H8,SAT,31,20,574,0,0.15030299999999386,0.21789984231817816
meow-sat_n14_2.cnf,H0,SAT,6586,6562,83372,0,1.9056850000000054,0.10161280589366586
meow-sat_n14_2.cnf,H1,SAT,12,2,189,0,0.04749999999999943,0.044126315789060226
meow-sat_n14_2.cnf,H2s,SAT,127,17,230,0,0.11113000000000284,0.30651489246817426
meow-sat_n14_2.cnf,H2d,SAT,557,393,3558,0,0.22032099999999843,0.46210756124094665
meow-sat_n14_2.cnf,H3d,SAT,557,393,3558,0,0.21675499999999204,0.4442204332071813
meow-sat_n14_2.cnf,H4d,SAT,424,260,2535,0,0.22481500000000665,0.5159219802946591
meow-sat_n14_2.cnf,H7s,SAT,127,17,230,0,0.10914400000000057,0.3052664370002142
meow-sat_n14_2.cnf,H7d,SAT,557,393,3558,0,0.25088800000000333,0.503647045693664
meow-sat_n14_2.cnf,H8,SAT,10,0,186,0,0.05361299999999858,0.13414656892924492
meow-sat_n14_3.cnf,H0,SAT,24,3,206,0,0.05213199999998608,0.08685644134029008
meow-sat_n14_3.cnf,H1,SAT,20,11,336,0,0.08335300000000245,0.05741844924558415
meow-sat_n14_3.cnf,H2s,SAT,630,520,6375,0,0.2525459999999953,0.24986339122440332
meow-sat_n14_3.cnf,H2d,SAT,166,0,30,0,0.16254700000000355,0.5256202821333118
meow-sat_n14_3.cnf,H3d,SAT,166,0,30,0,0.1606479999999948,0.5123126338332493
meow-sat_n14_3.cnf,H4d,SAT,166,0,30,0,0.18542499999999507,0.5726358365924307
meow-sat_n14_3.cnf,H7s,SAT,630,520,6375,0,0.24458699999999567,0.23670513968469256
meow-sat_n14_3.cnf,H7d,SAT,166,0,30,0,0.1922180000000111,0.56494709132306
meow-sat_n14_3.cnf,H8,SAT,77,67,1294,0,0.14193299999999454,0.20330014866175092
meow-sat_n14_4.cnf,H0,SAT,21,7,236,0,0.04756600000000333,0.09340705545966776
meow-sat_n14_4.cnf,H1,SAT,23,12,309,0,0.04983100000001173,0.04075776123243437
meow-sat_n14_4.cnf,H2s,SAT,9348,9276,91603,0,1.6081950000000091,0.1797456154260365
meow-sat_n14_4.cnf,H2d,SAT,138,0,58,0,0.12033700000000636,0.4780408353211011
meow-sat_n14_4.cnf,H3d,SAT,138,0,58,0,0.1132909999999896,0.47403588987614637
meow-sat_n14_4.cnf,H4d,SAT,137,0,59,0,0.13464299999999696,0.5292068655633074
meow-sat_n14_4.cnf,H7s,SAT,9348,9276,91603,0,1.524372999999997,0.15050122247020478
meow-sat_n14_4.cnf,H7d,SAT,138,0,58,0,0.11544700000000319,0.5171810441163555
meow-sat_n14_4.cnf,H8,SAT,12,3,224,0,0.05230200000001162,0.10837061680212108
meow-sat_n14_5.cnf,H0,SAT,20631,20610,282348,0,6.966965000000002,0.09276277403445471
meow-sat_n14_5.cnf,H1,SAT,9963,9950,89275,0,2.246652999999995,0.10834962052448867
meow-sat_n14_5.cnf,H2s,TIMEOUT,64619,64536,720211,0,9.930168999999992,0.14945858423989156
meow-sat_n14_5.cnf,H2d,SAT,3113,2975,28323,0,0.7348300000000023,0.3256276962023131
meow-sat_n14_5.cnf,H3d,SAT,3113,2975,28323,0,0.7111340000000013,0.3026180719810144
meow-sat_n14_5.cnf,H4d,SAT,2533,2398,23945,0,0.6774400000000043,0.3552521256495023
meow-sat_n14_5.cnf,H7s,TIMEOUT,69569,69478,777117,0,9.933971,0.1264231594797811
meow-sat_n14_5.cnf,H7d,SAT,3113,2975,28323,0,0.8080800000000039,0.3665887040885803
meow-sat_n14_5.cnf,H8,SAT,12,0,184,0,0.05973000000000184,0.21625648752698834
meow-sat_n14_6.cnf,H0,SAT,24,7,274,0,0.06188400000000627,0.10010665115361711
meow-sat_n14_6.cnf,H1,SAT,30,19,522,0,0.16216699999999662,0.05619515684448408
meow-sat_n14_6.cnf,H2s,SAT,125,18,245,0,0.12780200000000264,0.32452543778716825
meow-sat_n14_6.cnf,H2d,SAT,237,76,924,0,0.17397400000000118,0.5016151838789147
meow-sat_n14_6.cnf,H3d,SAT,237,76,924,0,0.17182099999999423,0.49093533386429117
meow-sat_n14_6.cnf,H4d,SAT,220,59,907,0,0.18528100000000336,0.5565654330438672
meow-sat_n14_6.cnf,H7s,SAT,125,18,245,0,0.1247110000000049,0.3170289709813168
meow-sat_n14_6.cnf,H7d,SAT,237,76,924,0,0.20382199999998818,0.5617695832639511
meow-sat_n14_6.cnf,H8,SAT,45,33,706,0,0.08642199999999889,0.22767350906040693
meow-sat_n14_7.cnf,H0,SAT,4242,4226,53887,0,1.2768070000000051,0.10013337959501689
meow-sat_n14_7.cnf,H1,SAT,6319,6309,88003,0,3.645232000000007,0.06769692573757234
meow-sat_n14_7.cnf,H2s,SAT,115,19,275,0,0.11039200000000449,0.30986846872956014
meow-sat_n14_7.cnf,H2d,SAT,168,0,28,0,0.16611800000001153,0.5230679396577945
meow-sat_n14_7.cnf,H3d,SAT,168,0,28,0,0.16100500000000295,0.5147542001797176
meow-sat_n14_7.cnf,H4d,SAT,163,0,33,0,0.19284599999998875,0.5775022556861196
meow-sat_n14_7.cnf,H7s,SAT,115,19,275,0,0.119339999999994,0.31241830065360754
meow-sat_n14_7.cnf,H7d,SAT,168,0,28,0,0.19510800000000472,0.5670090411460195
meow-sat_n14_7.cnf,H8,SAT,11,0,185,0,0.05690799999999285,0.2025022843887637
meow-sat_n14_8.cnf,H0,SAT,19,1,185,0,0.05495000000000516,0.100181983620937
meow-sat_n14_8.cnf,H1,SAT,8772,8762,148724,0,7.566151000000005,0.07498237875502037
meow-sat_n14_8.cnf,H2s,SAT,144,35,539,0,0.1313120000000083,0.3102991348841749
meow-sat_n14_8.cnf,H2d,SAT,170,0,26,0,0.1650280000000066,0.527764985335902
meow-sat_n14_8.cnf,H3d,SAT,170,0,26,0,0.16503099999999904,0.511509958735071
meow-sat_n14_8.cnf,H4d,SAT,169,0,27,0,0.1774989999999974,0.5763807120041582
meow-sat_n14_8.cnf,H7s,SAT,144,35,539,0,0.11816100000000063,0.3047536835337613
meow-sat_n14_8.cnf,H7d,SAT,170,0,26,0,0.18815600000000643,0.5711643529843399
meow-sat_n14_8.cnf,H8,SAT,21,8,323,0,0.062173000000001366,0.25369533398734934
meow-sat_n14_9.cnf,H0,SAT,40,24,450,0,0.057254999999997835,0.08769539778209198
meow-sat_n14_9.cnf,H1,SAT,34,21,367,0,0.05057899999999904,0.057059253841725166
meow-sat_n14_9.cnf,H2s,SAT,134,18,286,0,0.10290099999998858,0.3596660868204774
meow-sat_n14_9.cnf,H2d,SAT,170,0,26,0,0.1638590000000022,0.51820772737562
meow-sat_n14_9.cnf,H3d,SAT,170,0,26,0,0.16080300000000136,0.5094059190431611
meow-sat_n14_9.cnf,H4d,SAT,168,0,28,0,0.17949600000000032,0.5785811382977168
meow-sat_n14_9.cnf,H7s,SAT,134,18,286,0,0.11170400000000313,0.3576147676003121
meow-sat_n14_9.cnf,H7d,SAT,170,0,26,0,0.17505800000000704,0.5723874373067043
meow-sat_n14_9.cnf,H8,SAT,10,0,186,0,0.050383000000010725,0.13361649762841224
meow-sat_n5_0.cnf,H0,SAT,2,1,36,0,0.00038099999999019474,0.04986876639147284
meow-sat_n5_0.cnf,H1,SAT,1,0,24,0,0.0002669999999938,0.044943820218738856
meow-sat_n5_0.cnf,H2s,SAT,4,0,21,0,0.0002819999999985612,0.10283687947586925
meow-sat_n5_0.cnf,H2d,SAT,6,0,19,0,0.000377999999997769,0.3253968254042847
meow-sat_n5_0.cnf,H3d,SAT,6,0,19,0,0.0003279999999961092,0.30487804883755104
meow-sat_n5_0.cnf,H4d,SAT,6,0,19,0,0.0003470000000049822,0.36599423624196054
meow-sat_n5_0.cnf,H7s,SAT,4,0,21,0,0.00024400000000923683,0.10245901642208584
meow-sat_n5_0.cnf,H7d,SAT,6,0,19,0,0.0004289999999969041,0.3216783216966218
meow-sat_n5_0.cnf,H8,SAT,2,0,23,0,0.00040900000000476666,0.15647921762396066
meow-sat_n5_1.cnf,H0,SAT,11,6,62,0,0.0010410000000007358,0.21709894330784674
meow-sat_n5_1.cnf,H1,SAT,3,2,46,0,0.0007109999999954653,0.10267229252698813
meow-sat_n5_1.cnf,H2s,SAT,8,0,17,0,0.0006970000000023902,0.27977044474917173
meow-sat_n5_1.cnf,H2d,SAT,15,0,10,0,0.0009380000000049904,0.48933901917886313
meow-sat_n5_1.cnf,H3d,SAT,15,0,10,0,0.0011359999999882575,0.5132042253251665
meow-sat_n5_1.cnf,H4d,SAT,14,0,11,0,0.0009029999999938809,0.5559246954918731
meow-sat_n5_1.cnf,H7s,SAT,8,0,17,0,0.0005270000000052733,0.25806451614903897
meow-sat_n5_1.cnf,H7d,SAT,15,0,10,0,0.0013529999999946085,0.5949741315511601
meow-sat_n5_1.cnf,H8,SAT,2,1,30,0,0.0005629999999996471,0.27708703378037375
meow-sat_n5_2.cnf,H0,SAT,2,2,41,0,0.0005079999999964002,0.059055118101425476
meow-sat_n5_2.cnf,H1,SAT,3,2,44,0,0.0005589999999955353,0.07871198569400527
meow-sat_n5_2.cnf,H2s,SAT,5,1,23,0,0.00046299999999632746,0.12095032397660116
meow-sat_n5_2.cnf,H2d,SAT,6,0,19,0,0.0005870000000101072,0.31175468482038465
meow-sat_n5_2.cnf,H3d,SAT,6,0,19,0,0.0005699999999961847,0.2824561403377117
meow-sat_n5_2.cnf,H4d,SAT,6,0,19,0,0.0006000000000057071,0.3266666666440872
meow-sat_n5_2.cnf,H7s,SAT,5,1,23,0,0.0004639999999938027,0.12284482758396269
meow-sat_n5_2.cnf,H7d,SAT,6,0,19,0,0.0006159999999937327,0.34577922076330425
meow-sat_n5_2.cnf,H8,SAT,1,0,24,0,0.0004160000000013042,0.13942307691223746
meow-sat_n5_3.cnf,H0,SAT,2,1,33,0,0.00038499999999430656,0.06493506495663648
meow-sat_n5_3.cnf,H1,SAT,1,0,24,0,0.0003059999999948104,0.03594771242103246
meow-sat_n5_3.cnf,H2s,SAT,1,0,24,0,0.00032099999999957163,0.03738317756430105
meow-sat_n5_3.cnf,H2d,SAT,5,0,20,0,0.00042699999998774274,0.2622950819781248
meow-sat_n5_3.cnf,H3d,SAT,5,0,20,0,0.00044900000000325235,0.22048997773970447
meow-sat_n5_3.cnf,H4d,SAT,5,0,20,0,0.0004199999999912052,0.2833333333344612
meow-sat_n5_3.cnf,H7s,SAT,1,0,24,0,0.00031799999999293505,0.04088050313172542
meow-sat_n5_3.cnf,H7d,SAT,5,0,20,0,0.00042299999999784177,0.27895981084373
meow-sat_n5_3.cnf,H8,SAT,1,0,24,0,0.0003369999999875972,0.11275964388938542
meow-sat_n5_4.cnf,H0,SAT,9,3,43,0,0.00082499999999186,0.2278787879085824
meow-sat_n5_4.cnf,H1,SAT,2,0,23,0,0.0003889999999984184,0.10539845757359288
meow-sat_n5_4.cnf,H2s,SAT,8,0,17,0,0.0006889999999941665,0.28156748912803997
meow-sat_n5_4.cnf,H2d,SAT,18,0,7,0,0.0012289999999950396,0.5484133441874178
meow-sat_n5_4.cnf,H3d,SAT,18,0,7,0,0.0012380000000007385,0.51453957995393
meow-sat_n5_4.cnf,H4d,SAT,17,0,8,0,0.0012380000000007385,0.5702746365052157
meow-sat_n5_4.cnf,H7s,SAT,8,0,17,0,0.0006750000000010914,0.2888888888959066
meow-sat_n5_4.cnf,H7d,SAT,18,0,7,0,0.001354999999989559,0.6103321033160022
meow-sat_n5_4.cnf,H8,SAT,3,1,33,0,0.0005740000000002965,0.2804878048629527
meow-sat_n5_5.cnf,H0,SAT,7,2,39,0,0.00082499999999186,0.2206060606024694
meow-sat_n5_5.cnf,H1,SAT,3,0,22,0,0.0004300000000085902,0.1348837209505228
meow-sat_n5_5.cnf,H2s,SAT,12,1,16,0,0.0007959999999940237,0.29271356781647623
meow-sat_n5_5.cnf,H2d,SAT,18,0,7,0,0.0013040000000046348,0.5437116564074864
meow-sat_n5_5.cnf,H3d,SAT,18,0,7,0,0.0012110000000120635,0.528488852174737
meow-sat_n5_5.cnf,H4d,SAT,11,0,14,0,0.0011080000000021073,0.5315884476826347
meow-sat_n5_5.cnf,H7s,SAT,12,1,16,0,0.0008170000000120581,0.2864137087109179
meow-sat_n5_5.cnf,H7d,SAT,18,0,7,0,0.0014549999999928787,0.6048109965631712
meow-sat_n5_5.cnf,H8,SAT,2,0,23,0,0.0005600000000072214,0.3
meow-sat_n5_6.cnf,H0,SAT,6,0,19,0,0.0006259999999969068,0.22843450478424548
meow-sat_n5_6.cnf,H1,SAT,5,2,29,0,0.0007689999999911379,0.14824447335750243
meow-sat_n5_6.cnf,H2s,SAT,12,0,13,0,0.0007090000000005148,0.2778561354017767
meow-sat_n5_6.cnf,H2d,SAT,16,0,9,0,0.001310000000003697,0.525954198456497
meow-sat_n5_6.cnf,H3d,SAT,16,0,9,0,0.0008720000000010941,0.49770642199969695
meow-sat_n5_6.cnf,H4d,SAT,16,0,9,0,0.0009230000000002292,0.5861321776641422
meow-sat_n5_6.cnf,H7s,SAT,12,0,13,0,0.0007999999999981355,0.3074999999881872
meow-sat_n5_6.cnf,H7d,SAT,16,0,9,0,0.0009489999999914289,0.6227608008336513
meow-sat_n5_6.cnf,H8,SAT,2,0,23,0,0.0005360000000109721,0.2854477611833456
meow-sat_n5_7.cnf,H0,SAT,13,11,132,0,0.0018499999999903594,0.1491891891820142
meow-sat_n5_7.cnf,H1,SAT,5,3,56,0,0.0012090000000029022,0.11579818032727886
meow-sat_n5_7.cnf,H2s,SAT,9,0,16,0,0.0007730000000094606,0.2884864165439498
meow-sat_n5_7.cnf,H2d,SAT,13,0,12,0,0.0011870000000016034,0.5273799494251386
meow-sat_n5_7.cnf,H3d,SAT,13,0,12,0,0.001120000000000232,0.4937500000348134
meow-sat_n5_7.cnf,H4d,SAT,13,0,12,0,0.0011860000000041282,0.5539629004833018
meow-sat_n5_7.cnf,H7s,SAT,9,0,16,0,0.0007230000000078007,0.29598893500915124
meow-sat_n5_7.cnf,H7d,SAT,13,0,12,0,0.0013150000000052842,0.5809885931672262
meow-sat_n5_7.cnf,H8,SAT,2,1,34,0,0.0007880000000000109,0.2766497461977452
meow-sat_n5_8.cnf,H0,SAT,26,25,241,0,0.0027270000000072514,0.1397139714035949
meow-sat_n5_8.cnf,H1,SAT,8,6,70,0,0.000884999999996694,0.12768361580240767
meow-sat_n5_8.cnf,H2s,SAT,13,4,42,0,0.0009550000000047021,0.2565445025938053
meow-sat_n5_8.cnf,H2d,SAT,12,0,13,0,0.001133999999993307,0.5220458553800507
meow-sat_n5_8.cnf,H3d,SAT,12,0,13,0,0.0010350000000016735,0.4956521739240277
meow-sat_n5_8.cnf,H4d,SAT,12,0,13,0,0.001148000000000593,0.5479094076683088
meow-sat_n5_8.cnf,H7s,SAT,13,4,42,0,0.0009370000000075152,0.25186766272219707
meow-sat_n5_8.cnf,H7d,SAT,12,0,13,0,0.0012459999999947513,0.5786516853717936
meow-sat_n5_8.cnf,H8,SAT,4,2,36,0,0.0006199999999978445,0.31451612901857956
meow-sat_n5_9.cnf,H0,SAT,3,0,22,0,0.0003670000000113305,0.08174386923323218
meow-sat_n5_9.cnf,H1,SAT,4,2,41,0,0.00045099999999820284,0.06651884699652129
meow-sat_n5_9.cnf,H2s,SAT,3,0,22,0,0.0003649999999879583,0.07671232877064334
meow-sat_n5_9.cnf,H2d,SAT,6,0,19,0,0.00046899999999538977,0.2707889125049495
meow-sat_n5_9.cnf,H3d,SAT,6,0,19,0,0.00044300000000419004,0.23702031603592236
meow-sat_n5_9.cnf,H4d,SAT,6,0,19,0,0.00047800000000108867,0.2866108786503279
meow-sat_n5_9.cnf,H7s,SAT,3,0,22,0,0.00034800000000245745,0.08620689653764284
meow-sat_n5_9.cnf,H7d,SAT,6,0,19,0,0.0004579999999947404,0.2816593886520467
meow-sat_n5_9.cnf,H8,SAT,1,0,24,0,0.00034399999999834563,0.1133720930267384
meow-sat_n6_0.cnf,H0,SAT,11,3,49,0,0.0014309999999966294,0.24248777079371037
meow-sat_n6_0.cnf,H1,SAT,5,1,39,0,0.0010709999999960473,0.12324929971435
meow-sat_n6_0.cnf,H2s,SAT,34,18,160,0,0.0032339999999919655,0.23593073593766012
meow-sat_n6_0.cnf,H2d,SAT,25,0,11,0,0.0024140000000016926,0.516984258475727
meow-sat_n6_0.cnf,H3d,SAT,25,0,11,0,0.002600999999998521,0.5213379469551856
meow-sat_n6_0.cnf,H4d,SAT,25,0,11,0,0.0029260000000022046,0.5748462064352557
meow-sat_n6_0.cnf,H7s,SAT,34,18,160,0,0.0028739999999913834,0.1934585943101632
meow-sat_n6_0.cnf,H7d,SAT,25,0,11,0,0.0031380000000069685,0.6112173358688735
meow-sat_n6_0.cnf,H8,SAT,4,0,32,0,0.0010340000000041982,0.2949709864703169
meow-sat_n6_1.cnf,H0,SAT,10,1,43,0,0.0017529999999936763,0.2150598973198253
meow-sat_n6_1.cnf,H1,SAT,4,2,44,0,0.0009090000000071541,0.0968096809886835
meow-sat_n6_1.cnf,H2s,SAT,22,3,34,0,0.0020020000000045,0.3271728271339743
meow-sat_n6_1.cnf,H2d,SAT,24,0,12,0,0.002709999999993329,0.5453874538728011
meow-sat_n6_1.cnf,H3d,SAT,24,0,12,0,0.002569000000008259,0.5184896846969649
meow-sat_n6_1.cnf,H4d,SAT,23,0,13,0,0.002849999999995134,0.569122807002704
meow-sat_n6_1.cnf,H7s,SAT,22,3,34,0,0.0019709999999975025,0.3226788432416583
meow-sat_n6_1.cnf,H7d,SAT,24,0,12,0,0.00311600000000567,0.6043003851146672
meow-sat_n6_1.cnf,H8,SAT,3,0,33,0,0.001046999999999798,0.2893982807910528
meow-sat_n6_2.cnf,H0,SAT,15,11,110,0,0.0018300000000124328,0.16448087431988484
meow-sat_n6_2.cnf,H1,SAT,4,1,36,0,0.001105999999992946,0.13291139239156385
meow-sat_n6_2.cnf,H2s,SAT,19,5,89,0,0.0023999999999944066,0.26041666667295793
meow-sat_n6_2.cnf,H2d,SAT,27,0,9,0,0.0028289999999913107,0.547189819745938
meow-sat_n6_2.cnf,H3d,SAT,27,0,9,0,0.0026490000000052305,0.5179312948177994
meow-sat_n6_2.cnf,H4d,SAT,27,0,9,0,0.0030029999999925394,0.5790875790750213
meow-sat_n6_2.cnf,H7s,SAT,19,5,89,0,0.0020020000000045,0.2327672327468951
meow-sat_n6_2.cnf,H7d,SAT,27,0,9,0,0.0032209999999963657,0.6094380627284499
meow-sat_n6_2.cnf,H8,SAT,3,0,33,0,0.00101399999999785,0.283037475345914
meow-sat_n6_3.cnf,H0,SAT,8,1,38,0,0.0012139999999902784,0.20181219107581666
meow-sat_n6_3.cnf,H1,SAT,4,1,41,0,0.0009699999999952524,0.10309278349443117
meow-sat_n6_3.cnf,H2s,SAT,18,1,21,0,0.0018879999999938946,0.32203389827587003
meow-sat_n6_3.cnf,H2d,SAT,24,0,12,0,0.0028390000000086957,0.5456146530391619
meow-sat_n6_3.cnf,H3d,SAT,24,0,12,0,0.002000999999992814,0.4967516241925448
meow-sat_n6_3.cnf,H4d,SAT,24,0,12,0,0.003124999999997158,0.5811200000112705
meow-sat_n6_3.cnf,H7s,SAT,18,1,21,0,0.001926999999994905,0.3196678775348066
meow-sat_n6_3.cnf,H7d,SAT,24,0,12,0,0.003306000000009135,0.6010284331501055
meow-sat_n6_3.cnf,H8,SAT,4,2,52,0,0.0016770000000008167,0.21526535480744924
meow-sat_n6_4.cnf,H0,SAT,4,0,32,0,0.0008750000000077307,0.10399999999636202
meow-sat_n6_4.cnf,H1,SAT,6,4,79,0,0.0021459999999962065,0.1085740913501496
meow-sat_n6_4.cnf,H2s,SAT,16,1,27,0,0.0018249999999966349,0.31287671232587
meow-sat_n6_4.cnf,H2d,SAT,25,0,11,0,0.0028749999999888587,0.541913043481347
meow-sat_n6_4.cnf,H3d,SAT,25,0,11,0,0.0024129999999900065,0.4923331951649169
meow-sat_n6_4.cnf,H4d,SAT,25,0,11,0,0.003102999999995859,0.5852400902422756
meow-sat_n6_4.cnf,H7s,SAT,16,1,27,0,0.0018010000000003856,0.3114936146689547
meow-sat_n6_4.cnf,H7d,SAT,25,0,11,0,0.0027129999999999654,0.6004423147889973
meow-sat_n6_4.cnf,H8,SAT,5,1,35,0,0.001198999999999728,0.30025020849579054
meow-sat_n6_5.cnf,H0,SAT,12,4,55,0,0.0020090000000010377,0.20607267296761025
meow-sat_n6_5.cnf,H1,SAT,8,4,79,0,0.0016480000000029804,0.11225728155433466
meow-sat_n6_5.cnf,H2s,SAT,24,8,51,0,0.0020150000000001,0.2585607940477345
meow-sat_n6_5.cnf,H2d,SAT,31,13,125,0,0.0035710000000079845,0.44609353123063383
meow-sat_n6_5.cnf,H3d,SAT,31,13,125,0,0.0033669999999972333,0.422334422340517
meow-sat_n6_5.cnf,H4d,SAT,23,7,90,0,0.003056999999998311,0.47661105660630604
meow-sat_n6_5.cnf,H7s,SAT,24,8,51,0,0.0022930000000087603,0.2908853031045535
meow-sat_n6_5.cnf,H7d,SAT,31,13,125,0,0.003005999999999176,0.46939454423228416
meow-sat_n6_5.cnf,H8,SAT,4,1,38,0,0.0011650000000003047,0.2875536480622825
meow-sat_n6_6.cnf,H0,SAT,17,13,245,0,0.004308999999992125,0.12671153400212212
meow-sat_n6_6.cnf,H1,SAT,7,5,86,0,0.0024970000000053005,0.10772927512542228
meow-sat_n6_6.cnf,H2s,SAT,27,11,140,0,0.003439000000000192,0.2128525734264201
meow-sat_n6_6.cnf,H2d,SAT,21,0,15,0,0.002659999999991669,0.5315789473582423
meow-sat_n6_6.cnf,H3d,SAT,21,0,15,0,0.0018990000000087548,0.4818325434300033
meow-sat_n6_6.cnf,H4d,SAT,20,0,16,0,0.002928000000011366,0.55225409835714
meow-sat_n6_6.cnf,H7s,SAT,27,11,140,0,0.0034009999999966567,0.20082328725049461
meow-sat_n6_6.cnf,H7d,SAT,21,0,15,0,0.002153000000006955,0.5894101254080989
meow-sat_n6_6.cnf,H8,SAT,4,2,61,0,0.0019939999999962765,0.25977933802144054
meow-sat_n6_7.cnf,H0,SAT,8,1,40,0,0.001018999999999437,0.21197252208929843
meow-sat_n6_7.cnf,H1,SAT,4,0,32,0,0.0007269999999977017,0.11004126547073492
meow-sat_n6_7.cnf,H2s,SAT,17,2,39,0,0.0020109999999959882,0.27797115861174976
meow-sat_n6_7.cnf,H2d,SAT,25,0,11,0,0.002744000000006963,0.5451895043677272
meow-sat_n6_7.cnf,H3d,SAT,25,0,11,0,0.001995999999991227,0.48396793588367143
meow-sat_n6_7.cnf,H4d,SAT,25,0,11,0,0.0029299999999921056,0.5726962457201982
meow-sat_n6_7.cnf,H7s,SAT,17,2,39,0,0.0014790000000033388,0.24002704528044078
meow-sat_n6_7.cnf,H7d,SAT,25,0,11,0,0.003182000000009566,0.6055939660645926
meow-sat_n6_7.cnf,H8,SAT,5,1,36,0,0.0009770000000060008,0.28966223132907787
meow-sat_n6_8.cnf,H0,SAT,4,1,52,0,0.001356000000001245,0.09292035397817382
meow-sat_n6_8.cnf,H1,SAT,4,2,63,0,0.0015499999999946112,0.10645161290988021
meow-sat_n6_8.cnf,H2s,SAT,25,9,79,0,0.0027029999999967913,0.2841287458254357
meow-sat_n6_8.cnf,H2d,SAT,23,0,13,0,0.0026749999999964302,0.5218691588684755
meow-sat_n6_8.cnf,H3d,SAT,23,0,13,0,0.0029210000000006175,0.5083875385246521
meow-sat_n6_8.cnf,H4d,SAT,20,0,16,0,0.003159000000010792,0.5520734409611365
meow-sat_n6_8.cnf,H7s,SAT,25,9,79,0,0.002645999999998594,0.2789115646414875
meow-sat_n6_8.cnf,H7d,SAT,23,0,13,0,0.0033829999999994698,0.5944428022412334
meow-sat_n6_8.cnf,H8,SAT,4,1,38,0,0.0012270000000000891,0.24938875306356892
meow-sat_n6_9.cnf,H0,SAT,6,0,30,0,0.001185000000006653,0.19746835442239502
meow-sat_n6_9.cnf,H1,SAT,8,5,54,0,0.001018999999999437,0.12168792931424505
meow-sat_n6_9.cnf,H2s,SAT,12,0,24,0,0.0016289999999941074,0.3007980356052706
meow-sat_n6_9.cnf,H2d,SAT,20,0,16,0,0.0026670000000024174,0.5106861642291237
meow-sat_n6_9.cnf,H3d,SAT,20,0,16,0,0.0024960000000078253,0.5020032051402216
meow-sat_n6_9.cnf,H4d,SAT,17,0,19,0,0.0025839999999988095,0.5414086687223646
meow-sat_n6_9.cnf,H7s,SAT,12,0,24,0,0.0014230000000026166,0.2572030920483208
meow-sat_n6_9.cnf,H7d,SAT,20,0,16,0,0.003024000000010574,0.5849867724833754
meow-sat_n6_9.cnf,H8,SAT,2,0,34,0,0.0010149999999953252,0.22364532020745875
meow-sat_n8_0.cnf,H0,SAT,7,0,57,0,0.0030299999999954252,0.1122112211203786
meow-sat_n8_0.cnf,H1,SAT,4,0,60,0,0.002481000000003064,0.03345425232475466
meow-sat_n8_0.cnf,H2s,SAT,26,1,41,0,0.003983000000005177,0.17700225960218094
meow-sat_n8_0.cnf,H2d,SAT,32,0,32,0,0.005084999999994011,0.38780727629393663
meow-sat_n8_0.cnf,H3d,SAT,32,0,32,0,0.004551000000006411,0.3647549989073145
meow-sat_n8_0.cnf,H4d,SAT,31,0,33,0,0.006358999999989123,0.45478848875954375
meow-sat_n8_0.cnf,H7s,SAT,26,1,41,0,0.004747999999992203,0.20724515586195788
meow-sat_n8_0.cnf,H7d,SAT,32,0,32,0,0.00714800000000082,0.4588696138804643
meow-sat_n8_0.cnf,H8,SAT,6,0,58,0,0.003495000000000914,0.1539341917040864
meow-sat_n8_1.cnf,H0,SAT,8,0,56,0,0.003785000000007699,0.1400264200783675
meow-sat_n8_1.cnf,H1,SAT,3,0,61,0,0.0030450000000001864,0.05057471264666072
meow-sat_n8_1.cnf,H2s,SAT,29,6,102,0,0.0053729999999916345,0.217010980830001
meow-sat_n8_1.cnf,H2d,SAT,35,0,29,0,0.006731000000002041,0.4213341256851862
meow-sat_n8_1.cnf,H3d,SAT,35,0,29,0,0.006370999999987248,0.399309370588546
meow-sat_n8_1.cnf,H4d,SAT,30,0,34,0,0.005465999999998417,0.43578485180301446
meow-sat_n8_1.cnf,H7s,SAT,29,6,102,0,0.004497999999998115,0.1809693197052433
meow-sat_n8_1.cnf,H7d,SAT,35,0,29,0,0.007434000000003493,0.48775894538925724
meow-sat_n8_1.cnf,H8,SAT,4,0,60,0,0.0030029999999925394,0.16949716949555113
meow-sat_n8_2.cnf,H0,SAT,10,0,54,0,0.004278999999996813,0.20659032484886627
meow-sat_n8_2.cnf,H1,SAT,6,1,63,0,0.0032059999999916045,0.07673112913438287
meow-sat_n8_2.cnf,H2s,SAT,39,3,64,0,0.006279000000006363,0.29845516801795025
meow-sat_n8_2.cnf,H2d,SAT,49,0,15,0,0.010244000000000142,0.5238188207712624
meow-sat_n8_2.cnf,H3d,SAT,49,0,15,0,0.01015099999999336,0.5146291005799968
meow-sat_n8_2.cnf,H4d,SAT,48,0,16,0,0.011132000000003472,0.571505569531279
meow-sat_n8_2.cnf,H7s,SAT,39,3,64,0,0.00719800000000248,0.3232842456267842
meow-sat_n8_2.cnf,H7d,SAT,49,0,15,0,0.012641000000002123,0.6009018273818739
meow-sat_n8_2.cnf,H8,SAT,6,1,67,0,0.003605000000007408,0.24077669903173635
meow-sat_n8_3.cnf,H0,SAT,16,7,114,0,0.006247999999999365,0.18613956466156728
meow-sat_n8_3.cnf,H1,SAT,9,5,122,0,0.0058039999999977,0.08442453480348165
meow-sat_n8_3.cnf,H2s,SAT,26,5,83,0,0.0087960000000038,0.26364256480044873
meow-sat_n8_3.cnf,H2d,SAT,49,0,15,0,0.01157099999998934,0.5231181401780217
meow-sat_n8_3.cnf,H3d,SAT,49,0,15,0,0.009247000000002004,0.501351789768547
meow-sat_n8_3.cnf,H4d,SAT,47,2,32,0,0.010401999999999134,0.5500865218246939
meow-sat_n8_3.cnf,H7s,SAT,26,5,83,0,0.006778000000011275,0.2450575390964617
meow-sat_n8_3.cnf,H7d,SAT,49,0,15,0,0.012945000000001983,0.586558516802859
meow-sat_n8_3.cnf,H8,SAT,5,1,89,0,0.00562600000000657,0.20671880554639105
meow-sat_n8_4.cnf,H0,SAT,16,7,169,0,0.007266999999998802,0.13430576578979986
meow-sat_n8_4.cnf,H1,SAT,5,0,59,0,0.0027960000000035734,0.06759656652566108
meow-sat_n8_4.cnf,H2s,SAT,75,49,760,0,0.016919999999998936,0.16199763593215585
meow-sat_n8_4.cnf,H2d,SAT,57,22,212,0,0.013665000000003147,0.4472740578109077
meow-sat_n8_4.cnf,H3d,SAT,57,22,212,0,0.012017000000000166,0.42464841473557796
meow-sat_n8_4.cnf,H4d,SAT,46,15,168,0,0.013576000000000477,0.4797436652915429
meow-sat_n8_4.cnf,H7s,SAT,75,49,760,0,0.014107999999993126,0.14672526225781835
meow-sat_n8_4.cnf,H7d,SAT,57,22,212,0,0.014565000000004602,0.5064194987978908
meow-sat_n8_4.cnf,H8,SAT,7,2,78,0,0.003458000000009065,0.24117987275748196
meow-sat_n8_5.cnf,H0,SAT,12,2,88,0,0.004773000000000138,0.17326628954854562
meow-sat_n8_5.cnf,H1,SAT,14,9,222,0,0.013519999999999754,0.0768491124264648
meow-sat_n8_5.cnf,H2s,SAT,35,4,55,0,0.006535999999996989,0.3026315789444218
meow-sat_n8_5.cnf,H2d,SAT,46,0,18,0,0.008835999999988076,0.5133544590256822
meow-sat_n8_5.cnf,H3d,SAT,46,0,18,0,0.010350999999999999,0.498695778186916
meow-sat_n8_5.cnf,H4d,SAT,46,0,18,0,0.012206000000006156,0.5734884483065618
meow-sat_n8_5.cnf,H7s,SAT,35,4,55,0,0.007837999999992462,0.31487624393740954
meow-sat_n8_5.cnf,H7d,SAT,46,0,18,0,0.011681999999993309,0.5908234891249746
meow-sat_n8_5.cnf,H8,SAT,9,6,101,0,0.004214000000004603,0.20882771712860343
meow-sat_n8_6.cnf,H0,SAT,12,2,74,0,0.004744000000002302,0.20193929173622743
meow-sat_n8_6.cnf,H1,SAT,8,3,82,0,0.005163999999993507,0.10960495739596911
meow-sat_n8_6.cnf,H2s,SAT,31,2,41,0,0.006320000000002324,0.31044303797102396
meow-sat_n8_6.cnf,H2d,SAT,50,0,14,0,0.009139000000004671,0.5211729948550519
meow-sat_n8_6.cnf,H3d,SAT,50,0,14,0,0.008298999999993839,0.5072900349444049
meow-sat_n8_6.cnf,H4d,SAT,50,0,14,0,0.008709999999993556,0.5468427095309643
meow-sat_n8_6.cnf,H7s,SAT,31,2,41,0,0.006474000000011415,0.3140253321010386
meow-sat_n8_6.cnf,H7d,SAT,50,0,14,0,0.011437000000000808,0.599457899798776
meow-sat_n8_6.cnf,H8,SAT,3,0,61,0,0.003776000000002,0.21795550847364237
meow-sat_n8_7.cnf,H0,SAT,18,6,90,0,0.005494999999996253,0.20928116469709526
meow-sat_n8_7.cnf,H1,SAT,16,12,210,0,0.01100000000000989,0.08890909090545128
meow-sat_n8_7.cnf,H2s,SAT,47,9,108,0,0.008479999999991605,0.30165094340077403
meow-sat_n8_7.cnf,H2d,SAT,45,0,19,0,0.010252000000008366,0.5116074912265635
meow-sat_n8_7.cnf,H3d,SAT,45,0,19,0,0.009849000000002661,0.49558330795254074
meow-sat_n8_7.cnf,H4d,SAT,42,1,36,0,0.010731999999990194,0.5529258292944038
meow-sat_n8_7.cnf,H7s,SAT,47,9,108,0,0.008639000000002284,0.30188679246040323
meow-sat_n8_7.cnf,H7d,SAT,45,0,19,0,0.00926299999999003,0.5840440462087811
meow-sat_n8_7.cnf,H8,SAT,5,0,59,0,0.0037889999999976,0.23066772235328536
meow-sat_n8_8.cnf,H0,SAT,22,13,149,0,0.0058039999999977,0.17711922810970018
meow-sat_n8_8.cnf,H1,SAT,13,7,136,0,0.007176000000001181,0.08556298774067765
meow-sat_n8_8.cnf,H2s,SAT,36,1,38,0,0.007399000000006595,0.32653061224031193
meow-sat_n8_8.cnf,H2d,SAT,63,19,166,0,0.008893000000000484,0.4816147531799296
meow-sat_n8_8.cnf,H3d,SAT,63,19,166,0,0.009772000000012326,0.4582480556692927
meow-sat_n8_8.cnf,H4d,SAT,56,12,128,0,0.00917400000000157,0.5225637671699752
meow-sat_n8_8.cnf,H7s,SAT,36,1,38,0,0.007363999999995485,0.32590983161269393
meow-sat_n8_8.cnf,H7d,SAT,63,19,166,0,0.010990999999989981,0.5435356200553803
meow-sat_n8_8.cnf,H8,SAT,7,0,57,0,0.0038100000000014234,0.25118110235828983
meow-sat_n8_9.cnf,H0,SAT,10,0,54,0,0.003779999999991901,0.18174603174621376
meow-sat_n8_9.cnf,H1,SAT,2,0,62,0,0.0029250000000047294,0.04991452991474584
meow-sat_n8_9.cnf,H2s,SAT,41,0,23,0,0.00786700000000451,0.3481632134218374
meow-sat_n8_9.cnf,H2d,SAT,48,7,68,0,0.011163999999993734,0.49919383733568723
meow-sat_n8_9.cnf,H3d,SAT,48,7,68,0,0.009472999999999843,0.46553362187345126
meow-sat_n8_9.cnf,H4d,SAT,43,2,33,0,0.010249000000001729,0.5386867011374865
meow-sat_n8_9.cnf,H7s,SAT,41,0,23,0,0.006445999999996843,0.3163201985767561
meow-sat_n8_9.cnf,H7d,SAT,48,7,68,0,0.010311000000001513,0.5522257782940908
meow-sat_n8_9.cnf,H8,SAT,6,0,58,0,0.0030140000000073996,0.23556735235914325
